-- phpMyAdmin SQL Dump
-- version 5.2.1
-- https://www.phpmyadmin.net/
--
-- Host: 127.0.0.1
-- Generation Time: Dec 05, 2023 at 06:48 AM
-- Server version: 10.4.32-MariaDB
-- PHP Version: 8.2.12

SET SQL_MODE = "NO_AUTO_VALUE_ON_ZERO";
START TRANSACTION;
SET time_zone = "+00:00";


/*!40101 SET @OLD_CHARACTER_SET_CLIENT=@@CHARACTER_SET_CLIENT */;
/*!40101 SET @OLD_CHARACTER_SET_RESULTS=@@CHARACTER_SET_RESULTS */;
/*!40101 SET @OLD_COLLATION_CONNECTION=@@COLLATION_CONNECTION */;
/*!40101 SET NAMES utf8mb4 */;

--
-- Database: `shopthucphamsach`
--

-- --------------------------------------------------------

--
-- Table structure for table `anh_sp`
--

CREATE TABLE `anh_sp` (
  `ID_ANHSP` int(11) NOT NULL,
  `MA_SP` int(11) NOT NULL,
  `FILE_ANHSP` longtext DEFAULT NULL,
  `DANH_SO` int(11) DEFAULT NULL
) ENGINE=InnoDB DEFAULT CHARSET=utf8mb4 COLLATE=utf8mb4_general_ci;

--
-- Dumping data for table `anh_sp`
--

INSERT INTO `anh_sp` (`ID_ANHSP`, `MA_SP`, `FILE_ANHSP`, `DANH_SO`) VALUES
(359, 133, '/9j/4AAQSkZJRgABAQEAYABgAAD//gA7Q1JFQVRPUjogZ2QtanBlZyB2MS4wICh1c2luZyBJSkcgSlBFRyB2NjIpLCBxdWFsaXR5ID0gODIK/9sAQwAGBAQFBAQGBQUFBgYGBwkOCQkICAkSDQ0KDhUSFhYVEhQUFxohHBcYHxkUFB0nHR8iIyUlJRYcKSwoJCshJCUk/9sAQwEGBgYJCAkRCQkRJBgUGCQkJCQkJCQkJCQkJCQkJCQkJCQkJCQkJCQkJCQkJCQkJCQkJCQkJCQkJCQkJCQkJCQk/8AAEQgA2gEsAwEiAAIRAQMRAf/EAB8AAAEFAQEBAQEBAAAAAAAAAAABAgMEBQYHCAkKC//EALUQAAIBAwMCBAMFBQQEAAABfQECAwAEEQUSITFBBhNRYQcicRQygZGhCCNCscEVUtHwJDNicoIJChYXGBkaJSYnKCkqNDU2Nzg5OkNERUZHSElKU1RVVldYWVpjZGVmZ2hpanN0dXZ3eHl6g4SFhoeIiYqSk5SVlpeYmZqio6Slpqeoqaqys7S1tre4ubrCw8TFxsfIycrS09TV1tfY2drh4uPk5ebn6Onq8fLz9PX29/j5+v/EAB8BAAMBAQEBAQEBAQEAAAAAAAABAgMEBQYHCAkKC//EALURAAIBAgQEAwQHBQQEAAECdwABAgMRBAUhMQYSQVEHYXETIjKBCBRCkaGxwQkjM1LwFWJy0QoWJDThJfEXGBkaJicoKSo1Njc4OTpDREVGR0hJSlNUVVZXWFlaY2RlZmdoaWpzdHV2d3h5eoKDhIWGh4iJipKTlJWWl5iZmqKjpKWmp6ipqrKztLW2t7i5usLDxMXGx8jJytLT1NXW19jZ2uLj5OXm5+jp6vLz9PX29/j5+v/aAAwDAQACEQMRAD8A+qaKM0UAFFFFABRijNFABiiiigAxRijNFABijFGaM0AGKMUUUAFGKKKADFGKKM0AGKMUUUAFGKM0UAFFGaKACiiigAxRiiigAxRRRmgAxRRRQAUUUUAFGKKKADFGKKKACkpaKACiiigAooooASloooAKSlooAKKKKACiiigAooooAKKKKAEpaKKAEopaKACiiigAooooAKKKKACiiigBKWiigAooooAKKKKACiiigAooooAKKKKACiiigAopKWgAooooAKKSloAKKKKACiiigAooooAKKKKACiiigAooooAKKKKACiiigAooooAKKKKACiiigAooooAKKKKACiiigAooooAKKKKACiiigAooooAKKKOlABUM95Bbf62VEPoTzVa6vS6ssDYxxvHPPtWV5LylRIu/Gchjuwf8968+vjbe7SV3+A0rmjPr1rChdjtUfxP8q89OTVMeI2kPyBVBOAdhIP0PAqlNaKXjZriRTESWQhdrdu4zgZ7YqnDDA0ZMUzu+7JJlZSM9Bhen0ry6mKxTl8VkPkZ0Q1bkp5sXmAchhtH6mnpq7r/r7WUA/wAUY3j9K5mW2SSUzRyyo/3mIOUb2IP+RjtU8WoPattGRCp+ZepHHJH+FOOLrqV3Ky+8lxZ1kF1DcruicNjgjuPqO1TVhQXUUcqyq4dmHBUdR6ZrZhmWZNynPY+xr2sPX9otdwJKKKY8qJ95gPauhtLVgPoqu92q84wPU1Vm1GZuIo9uf4nH9Kwliqa6iujSorJ+03OPmlP4ACk+1OOPMcnvz0qPrkewuZGvRWSLqVfmEpx/tVZg1FW4lG337VpDEQlpsCki7RQCCMg9aK3KCiiigAooooAKKKKACiiigAzRRRQAUUUUAGaM0lFAC5opKWgAozRSUALms29vXfMcBGOhbrU+oXXkRqi/fc4HWsyEbhhcAHg465/D/PFebjMQ7+zg/UpK5MFUoD14xjr+FMbaoO3C5644FOZkwSrAqoxjPAA9vwqqzNKwIHyk8V50pW0RtGJGY2ikYiVmHUq3P6noKjE4nklSS32xqBlmIKnjpj/PapJFlCkhWbkcseCM81QkS5hkklmkZYBGThh9xuOee2M1g6jj0HYbDIMGRZGkj4CgkbAOxHA9qgktn81kEhjCOhUowLOncMCOnvnP0xU8MRtbeC0CoRzGp6Bm6/rk/jTZLWBp5JPleRVJRj1KBgwz+K/+O9s1DbaVyZBpt1Hb74y5XacoPTJ7evOa3NOvPJn2kMqMcHd6+tcYv72V5YA5ywIAPMePLJP1BJ/WrXhqzvtc1K6urmQw2sT7SqHkkjOAfoRzWOGxk4VlTgrv+tzjbtKyO3m1AyymG25I+84GQPakVQg3HJc92qSNEQBYxhVGAvpUU9yi5Xgn0r3asnL3pMt23EZlVtxGT6ntTJJOMgc+tV5bjCZJAHoaiFys2QOV9v4v/rVyuRm5dCT7VjlVGB/ET1+gqNZdwIXoO571VmuFLY3Hd7DOKjX5hgNge9PmJ5i8sgJJPX6Go7nUIYCiEsznqBjiqs0zQLtUqz9sH7tVY0DMXdh6kk5pOT6CbsbVrqsySZBDxjjYO1b0Uqyxq6nhhkVxkQkOZFyuehFaujag8DeTNu8pjgOx6Gu7C4h35ZFwm9mdDRSUtekbBmjNFFABmiiigAozRRQAUUUUAFFFFABRRRmgAooooAKKR2CqWPQDNZNzr8MY24MbNkLuwc/gKxrYiFL42ATSNcTyfKdv3RjuB/k02NWEZO1ty8EgdfUisaTWbiWcrvkC5+8mMD8lP86cmuMjP5NwZNoGfNUfyHNfOPFJybkmNTsXoJftSk7NqBwm2SM7ug4/+vUr8Z2MCx7envUEGvo6nzIZEI6nHB+lWBcQ3A82KRXVupxWlOUWk4u7LVVEKyM0OQy85G4npVI2YNy1090rvIpiCqMKehGck8jHX36VceHHGCUznAJBBz7VUjtRpVuzWcUk0pOAryluSf8AaPHXtiieqVylNPYSW3LzII/mliG9VdsKzYOCf8+lZ+ki5vGubuWIwK0RijUjsMHP4nI/A1btnuryWQz+SgC+WY1O5lJ557dvWmahffZQIIJCW3fNySUGOSSe+O39a5qjglzvRITlYoYktYnv7qNzJDFv8rdk5JJAGPcIAPrXU+HNN/szR4YXXEzjzJf99uSPoOn0FYOi2j/26AjSS+UBJeO/3SxU7VX8WJ/4DXWS3CwsAehUkHtVZbFa1pehgv5jJ1LVmiLwQo4ZThmIx+VZ0GosrCOUb09SeR+P9KuSFpI1aRywPB3dc4rIuflkOCNvA4GcV1NvdGDk73LmrSb7QCJ2J6hlHK/UVmWepzLII7lE3MflaMHDH0I7VQub0w3WYt3oT0qzaXUL3sMnCujhiOxANYu1SXuuzJvzMcL8DPOPY08atDChd25HTPc1kaxDLFfzSwt5kDMTtzypz/D7H0rNW7W7lEX2hRKOiMCrfgO/4Vy1K1Sk+SS1JaaOmg1KOYklwM9zVkzxSME3Agcn61zISUMCNoA/unFWLYoOAzBx1Vuv4HvTp4h7MSNue8DtsiAYDgk0Tz+btyuMADHp9Kz7dgrZI6c1OqTXSHLiPAJBA5rrjN2fmUr2O80G/N7ZKJDmWMBWPr71p1wnhDUJre/Nvc7GL4AdDwc+vvnH513de3g6/taSb3OmEroKKKK6ywooooAKKKM0AFFFFABRRRQAlFLRQAlLRRQBk63Mdnl5KquGP+17fyrm5cM8kyopKkq0r8lRj6e449K1vEfEzNvKsEwuOcdSTj14qpcQx+RkgfIVLEj1689uDXiVvfqS5uhcUZMa/aVi4afksGKAc57eg/DnFRERyFGVcsW+8vzYPpk4/SnwXBuyIxbWxtJIzIxJIK46jH8WDgHOAO9LNeQJNBYwxBiygoqkEDrk4HQD8v6cz5bFciK16WEbqsq72+6GbliOoxU1tevYKHiDNyA6Mfv+wz0P6UtwfKOJFVtp3LxnFVmUsATwAehqamHjNuS0ZEoaaHUWGox3cSywsWGPmjYYZD6VYO2Ub4wRjqPSuK867t7r7RAoJIxx2+o7j3H5V0FjrDTqBxHcKMvGTkj8e4pQqpv2dTRmW2jLkkElvDL9jZYi/JAUcH1Fcuwm07z5LsBnOShznPHJP6f5xXVwXiTS7WTY+OV7MPas7WrCC/ge2nXIY4JHVT6iuTH4R1I+69V9xE7lfwdr0NwLuRnLNLP94rgYAGBW7c3qOTGWyuOcdq8/Ei6aWt1LpJbjY6KcYPr+PXPvWjpuvxTLIXuATyTvA4rHB4lU4qk3qjNTtojoZJ0XKNklQD7MD6GsDxHqa6eIpUIBI+YLzwD0/lTP7XF0wgklyFXG8tk5z/KsXXULxF3fITlQO5PX86669f8AdtwE1fYSXxJZvCzKAsjdCByKzRcSWtykxmYwsd27rXMvDKj4XkemK0oZ/KiMbBiGHIPTp2ryoYp1Je/pYuEbnYXdx5kCOv8AGSRzWUREsmZFV3z3GcVbldTpkToD8oGPyrNsyZpzvPA616OJvOcVu2XKBq2thHL+9mQbV6difpUziRMlAuM5wzf1qMXYOExgAYUU5MSuFUEk9qJezsoU/vM3poSQX8bMyOHhcHGGHB+hq8LtigUYHamhkgQLkFgOW9Kr3G+SPMZywIYA9CB2rRqUI6u7E0kS2F20GvIo4WRQ5H+2D/8Aqr1kdK8n0iMX+r6cIbdsSkMzv/CuQSOO/P6V6yK9PJr8s7u6ua0thKWiivaNQooooAKSlooAKKSigBaKKKACiikoAWiiigDn9ft5jeQyI4VGUhuOfw98gfrWFqWqxizmRVzKsyh/mxsU45x6cnn2rtry0jvITG/rkEdQfWuVvNJ+y6jHJJGnzKUZscSDB4/lXk4nDzjNyjsy4sy3cWqbBGHQvk4ByxyTs+gOCTVWPzHDAJt6Djjp047CtO6kg8pk4jPAIAPyjGM4/r7VRgthGsVs0spJI8lWRgzL/vEZb1rl9hd2b0NLlcpkDcN2D82cmgARsEZiechgelW3h3jax24x16tjr29jUWzcjHnOOgxn9e1E6XLqgvchkkjQI4+ZSMLtGcc4NVpJmtp4jlkuFBZGByNuSM+4Pp/WpDG0QeMKoCkkYOd3AOfxBz+dVppVklgc/eSMqvPJ75H4An865KlqsbMmdO50Npfx38IBZYrhANwBwAcdR7dasC7afibiQDDe/vXJxP8AYLokhQBkFBgLyeQDx3P54rWacxusivlDxmqpVXJck90c7jZ2ZkeNoWS3TV7eMNLbhllA/wCWkQ5OfXHX6Zrl7DVLLVo2e0bypSOU3ZyfY/0rvbtlFuqtyCTXizWT2l9Kivho5HVJcYOAxwD6jFeRmFGEZcz6nPJWZ1b3UsEhLh93qKf/AGi8o4bcOhDVn2mpXRQJNEJR78/rVjZDNyuYnPVSc/rXFRm/sSNILqi4tpb3eCGCtTptLaCJsrkdjUNrbSRnIzj1rYiZkjIOSMdDXfSjCo7SjZmyXcbpoafRhGDlhheazmk8qUxxduvvWrohVo5404GTgelUGtjGzEDjOSxrtrU5SpR5CmJEskjAbjk+/NbsCNbxAblLHqzHp7Vj2zhD8jcnq3f/AOtU5VywOc+5Nc1KcKV7asyehphoOd0hPqR0qZLu1jgaYJK8a8BscMewHr0qlbafPfXCQIpIyBx/Ea9K0nwpZ2lvD9piWWVBnDcqp+nQ13YSjWxDfKkl3M1FyZifDjRpEs4r+4ilQqhRPNGGY5OW+nX867mkAAGAABS19JhsOqFNU0bRjyqwUUUV0FBRRRQAUUUUAFFFFABRRRQAUUUUAJS0UUAFRXFvHcxmOQZB7jqPpUtFJq+jA47VfD66VJ/aKy3Em0tlt2WCnGQfbqfriq1wUkijEUhKbOoABwe/HTNdxJGsyNG4DKwwQa5bUdKjs5JHDKEjXcDJyFXGDjp24/GvPq0FSd4bMtSuYL7RNbkSbh90k9d2dpP5/wA6jubSNgXSNEc7gDjOwnIPHfrTbtobVo5M7oycoynIO7HT9KkadTPJbkvuXbyF4yR2Pfp/nIrBcsrpmtmldGcljcGK1M8cLy2gK70YjI2lQ23HcY4HQ+1RxLGZd6OJViOwEAYDL8uOfY/rS3l1rNpcrFbW7XiOflEZ5P09K0ryG4iiaW5mMTMisInIPlcZbkdSOM+vauH2UYyfLcq7a1Mu42SqseBuMoQdeScj+mPx+lWrO4E9oFkBycg+uf8AHNMVTGCMkjzFO4Z547fjVezLM8hwgU5PynOOT1/X8qzleNRSXU55otTyboFUkfKetM8QfCOSaKLUdHO5pI1eazdsfPjkoT6nsf8A61FpC13c21oqktO4X6DPJ/KvWgAAAK7KWCpYuMo1F2+Rnyq58y6rY6hobiK6027tlHVpVIJ+hxii0nSbBSQMfQ8GvpmSNJFKuqsp6hhkGuf1T4feGtXbfcaVAkn9+HMZP124z+NcVThyUXelO/rp/X3AoniyTzRHIDfhWrbXkjLiQ5B7GvV9P8CeHtN/1WnI5HeVmk/9CJpLPwH4fsb37ZDYDzQcqHdmVT7AnFbUsmrwt75eh5PZ3CWmpMBgCTqM9/WteLw1q2uRSPpsETxIcFnkC5brj8sV6pf6NYanA0N1axOrDGdo3L7g9jSaPpFvolkLS2LsgJYs5yxJ9a74Zc17knoFzxb+yNQ0eQw6paPbSZ+UsMq30PQ1bs7Ke+uFiijaRm6KgyTXtMsMc6lJY1kU/wALDIpsFpb2wIggiiB67FC/yrH+xYc3xaEON2Y3hnw4ukQCScK1yw+oQeg9/et6iivZp0404qMdikrBRRRVgFFFFABRRRQAUUUUAFFFFABRRRQAUUUc0AFFFFABRRRQAVU1GwW/t2jJ2t/Cw7VboqZRUlyy2A851ywlslijmWVvmILyHduPUHNV0EbyRTFAZIwRuzg47j9a9Kmt4rmMxzRrIh6qwyKxbvwlayMZLV2gbn5eqmuF4Rxfu6o2VTSzOXXyQFDhjHnJ2rnbUMbWn2eNLSADYVWNWUgKScd+gHoKvXnhmW2vEu54pTsBBMT/ACOvoeOlVLm0cqzvcsowd4VSc9uMtx1/SuacakbrlI5jJuJhdXMhwCsO4jHXfjH54P8ATpU0Ee2KTYu7zn3KAOo2gDHrVuz057tPJsrSaQn7zMgGTxySOO1dhoXhpbBhc3bCW47D+FPpWVHCTnPmZLY3w14bTTVW7uFzdMuBn/lmD2HvXQUUc17dOnGC5YiCiiirAKKOaKACiiigAooooAKKKKACiiigAooooAKKKKACiiigAooozQAUUUUAFFFFABRRmigAooooAOKKM0UAFFFGaAA1F9ltyc+RHn/dFS0UWAQKqjAAA9qWiigAoozRQAUUUUAFFFFABRRRQAUUUUAFFFFABRRRQAUUUUAFFFFABRRRQAUUUUAFFFFABRRRQAfhRRRQAUfhRRQAUUUUAFFFFABRRUc80dtDJPNIscUal3djgKB1JPpQBJR+FcFZfGPQb3WF05UnxLcC3hnUBkkJOAeuQOR69a7a9vbbTrWS6u544IIhueSRsKo9zWNLEU6qbg72JjOMtUyeiuE0/wCMfhi/1WSya6+zwj/V3Mx2o57/AO77E/pXbxTRzwrLE6vG6hlZTkMD0INOlXp1Vem7hGalsx3mKGClhuPQZ5p1eQyaveaj8SUt0nZbiO7a3AhG1ljTkn5uvynPvzXrw6VhhMV7fm0tZ2FCfNcKKKK7Cwooqmbi4+2+V5Q8rON3OenWplKwFyj8KKKoA/Cij8aKACiiigAooooAKKKKAD8KKKPxoAKKKKACiijigAopCQOtRPcKvQFvpUuSW4E1GaoyXFw/CAJ+pqq8M8n35HP41lKulsK5sZFMkljiQvI6oijJZjgAV5r4w8fab4aZ7SAi91AcGNW+WM/7R9fYc/SvKtZ8W6rrzk3t5I0eflhU4jX6L/XrXlYrPKdH3UrszdVI931T4m+GtMJQXpu5B/DbLvH/AH10/WubuvjXDnFrpLMPWWbH6AH+deMfaD6ml+0H1NeBWz3GTfutR9F/ncn2yPXJvjVdtjydLt09d8hb+WKh/wCF0apjixsc/Rv8a8rjeSVwkas7ngKoyTW5Z+Edau1DmAW6np5zYP5DJrBZnjpvSb/Aaqt7Hdx/Gm/B/eadaMP9lmH9TWD4s/ab0bRs6TrPh6e4S8gPmLBMMeW2VPUDrzWFP4bSzuGh1DULuPZGZWNtbgBUGMks27IGR0ArWT4ZeH5JEuLjTEvpVHyvekzEfQPkD8AK78Lj8TGV602120/yBT5rpM8t8O3mm3y6da33iK1trKS4a4jvIY8zqi7cxleCGOODk429817d8S/G/hTxXoVjBbyX2oIl1ukihs7kkjypACdoGRu296jg8PW1jEVgt4reNR0jQKAPwpbawjvLeO4hy0Uqh0OCMg8g4NVHGuMJU4x0l94o01H3TzDVLbRv7NvzYaDqpuvMH2UfY7oZXcufvHA43da9t+EfijSLfwTZJfSJo1yxctZXk7AwfMcKDJjjAB445rn72w+ywmTbz7iuWk8QPBfrBIkWxg38JBBA471eCrzotyhG/qz0MHlVbEXlRS0PVNE8O+H9Z+IepeKbK8SeSzZbcRxSK0XnGJS0nH8WxkXg44Peu+yK8E8Nn+27Xz5kj89Tu2ohGxSSF5Pc7T+ldVZ3ms2GBBqN1tH8EjeYPphs4/DFejTzaEG4yhb0Mq2Hlh6kqU1qj09pkXvn6Vj6r4u0rSMi6vbeFh/C7jd/3yMmvLdVuvE3iGHz4NZlntnziNP3IIBIxgYz071yd1pGoWhJntJl9W25H5jiuLF5/UjpTp/NmUlKLs1ZnqGpfGGwhytnFNct2IUIv5nJ/SuYvvixrlwT9lEVqD35dv14/SuKorw62cYurvO3oRc6CTx/4olbc2s3IP8As4UfoKlt/iP4qtyCNWkcekkaN/MVzXerVvpV/df6m0mceu0gfnXNHF4m+k5fex3Z2tj8ZdagIF3aWd0o7qDGx/HkfpXT6Z8ZNFucLfW1zZMerY8xB+I5/SvM4fCGqy/fjji/33z/ACzVyLwRP1luQPZUz+ua9KhmmYQ63Xn/AFcaue3aZ4i0nWVzYahb3B67Vcbh9V6j8q0c5rwqLwbDEwYS3G4cghgMfpXT6XqWtaVH5UV/PKmOBcHzMfQnmvcw+dyeleFvT/L/AIIz06iuCTxZri9TA31j/wADVqHxpqK486zgf/dJX/Gu6ObYd73XyGdnRXN2/jSB8Cezmj91IYf0rVtNcsLwhY7hQx/hcbT+tdVPGUamkZIC/RRkGiukDO/tZv8AnkPzoGrN3iH51Qor5/65W/mNOVGiNVH8UZH0NPXU4W+8HX8Ky6KtY6suocqNhbmCTpIPx4qXYp54rCNS2zssqgMwGegNdFHGc8rSiS4muwRFLMQABkk9q8Z+I/xhDNLpHhubCDKzXy9/URn/ANm/L1rrPjZcTW/gScwyyRl5o0bYxG5SeQcdQfSvm+uLOMXKk1ShpfqcWJquPuosG5ZiSTknkk96WOR5XCIrOzHAVRkmobcBp4wQCCwyDX0f4S0yxs9It5baytoJHT5njiVS31IHNfO0qKm7HPRg6jtc8d0j4eeJtX2stg1rEf8AlpdHyx+X3v0rtNJ+DttDtfU7yS5bvHENifn1P6V6V2orvjgqa31PQhhoLfUwrDwtY6Wmyzs4YB0JVeT9T1NW/wCzP9kVpUCt1SitjdRS2OO1Xwbc6leXUjPD5M4ghCkkEQq5eQdOrHj6Vkp8PdbVBEL62jURgiRXfcjhH2gDH3Q8mc5zgDjivRzRUvDxepzywlOT5meYp4F1a+luzElvp6RnyIvmkJ4jIJUkcqWkY57lR61Yb4daik0SwyWhtEn8wRPI48tRIDheOpRVB/H1zXo1FL6tEhYGkeaN8M9SMkMn2m2LqUaRi7/MwVi5xjuzfkPwrK1bwHvtpLZ7+wh1CKZpWZi4Aj2A7R8vJ717B3ppRSSdoyfatacFDRHsZbipYG6o+p5X/wAIvDbRebDq1ivBiysjASKPKUIcDpsVs47vSp4adAif2lYJd23KqjvhSGkduMeuwY9FNep+UmANi4HQYo2r/dH5VdjteaVLa/p/kcPoPhm9sLJ/7LnspIZGBVmZiMKqr0x1JDE+5Fb+n6VerCwv3gkl3cGJSBtwPXvnNbQAHAGBS1m6abueRXk6tV1ZPVmTLocE/wDrbeKT/fUH+dQf8Irp2c/2dZ5/64r/AIVu0VLowe6I5UZMWiQQ/wCqgij/AN1QKk/sz/ZFaVBpqlFByozf7M/2RR/Zn+yK0qDT9mgsjN/sz/ZFH9mf7IrSpKPZoOVGd/Zn+yKP7M/2RWlRR7NBZGb/AGZ/sij+zP8AZFaVFHs0HKitAt3bACKeRQO27I/KryapequGSJj6kVFQK2hUqQ+GTDlR/9k=', NULL),
(361, 135, '/9j/4AAQSkZJRgABAQEAYABgAAD//gA7Q1JFQVRPUjogZ2QtanBlZyB2MS4wICh1c2luZyBJSkcgSlBFRyB2NjIpLCBxdWFsaXR5ID0gODIK/9sAQwAGBAQFBAQGBQUFBgYGBwkOCQkICAkSDQ0KDhUSFhYVEhQUFxohHBcYHxkUFB0nHR8iIyUlJRYcKSwoJCshJCUk/9sAQwEGBgYJCAkRCQkRJBgUGCQkJCQkJCQkJCQkJCQkJCQkJCQkJCQkJCQkJCQkJCQkJCQkJCQkJCQkJCQkJCQkJCQk/8AAEQgA2gEsAwEiAAIRAQMRAf/EAB8AAAEFAQEBAQEBAAAAAAAAAAABAgMEBQYHCAkKC//EALUQAAIBAwMCBAMFBQQEAAABfQECAwAEEQUSITFBBhNRYQcicRQygZGhCCNCscEVUtHwJDNicoIJChYXGBkaJSYnKCkqNDU2Nzg5OkNERUZHSElKU1RVVldYWVpjZGVmZ2hpanN0dXZ3eHl6g4SFhoeIiYqSk5SVlpeYmZqio6Slpqeoqaqys7S1tre4ubrCw8TFxsfIycrS09TV1tfY2drh4uPk5ebn6Onq8fLz9PX29/j5+v/EAB8BAAMBAQEBAQEBAQEAAAAAAAABAgMEBQYHCAkKC//EALURAAIBAgQEAwQHBQQEAAECdwABAgMRBAUhMQYSQVEHYXETIjKBCBRCkaGxwQkjM1LwFWJy0QoWJDThJfEXGBkaJicoKSo1Njc4OTpDREVGR0hJSlNUVVZXWFlaY2RlZmdoaWpzdHV2d3h5eoKDhIWGh4iJipKTlJWWl5iZmqKjpKWmp6ipqrKztLW2t7i5usLDxMXGx8jJytLT1NXW19jZ2uLj5OXm5+jp6vLz9PX29/j5+v/aAAwDAQACEQMRAD8A+qaKM0UAFFFFABRijNFABiiiigAxRijNFABijFGaM0AGKMUUUAFGKKKADFGKKM0AGKMUUUAFGKM0UAFFGaKACiiigAxRiiigAxRRRmgAxRRRQAUUUUAFGKKKADFGKKKACkpaKACiiigAooooASloooAKSlooAKKKKACiiigAooooAKKKKAEpaKKAEopaKACiiigAooooAKKKKACiiigBKWiigAooooAKKKKACiiigAooooAKKKKACiiigAopKWgAoqtfX8VhFvlPJ4Ve5Nc3d61fXZPlEovZVOP1rlxGLp0dJb9iXKx1uaM1wEjXudzPMD1+/TItR1G2Y7LmQY7E8VyrNYX1TMnXS3R6FRXFweL9Qt+Lm3jkX1Bwa2LPxbYXG1Z2+zyN0D11U8ZSnsyo1oS6m5RTI5o5lDRurqe6nNPrqNQooooAKKKKACiiigAooooAKKKKACiiigAooooAKKKKACiiigAooooAKKKKACiiigAooooAKKKKACiig80AcXr1+02pTRspUR4RDnIPr9Oax5pZU6Y5Gcg4q54qR7XVJl7P+8X3B6/rmsRdSMbfNtYNkBTwT9DXyWNUvby5u5yVnrqXjfOh2iUqScHHalGqyEqrhZFI6Hr9feofs6XUe6NwuB91sZ+lZ00NxbuySFs5JGOMioS0OWUpRNj7XaSlRIjxv6Dn9KDaK6gRssgPOBwfyrFa42LvYHOAMkHGT7Uq3Z4ZmIBHy44/Q0mmSqie5rwyXNg+6CWSJx2z/hWxZ+NriEgXUDSp0LqK56HUnKHzAJR0+lPWS2lICSPEc/x9D+Nb0sXUpv3WbQm18LO/sPEenX6/JcKjf3ZOK0wQRkGvKmtpEySn0ZDViy1zUtOx5U5ZBztPIP4V6lLNIvSojeOI6SR6dRXMab43tJwq3iNC/QsoLL/iP1rore6huoxJBKkiHupzXpQqxmrxZ0RkpbEtFFFaFBRRRQAUUUUAFFFFABRRRQAUUUUAFFFFABRRRQAUUUUAGaKKKACiiigAzRmkooAXNFJS0Ac94w0STVLLzrYZuYMlR/fHcfX0rzRrjziVJ2OnUHv/AIV7XXHeLvAy6ozX2nYiu+rIOBIfX2NefjMEqvvx3MasOZaHnouJoZSrTFlX+A4woqe01udPkl2mMA5DMCD+PaqFxNcafO9pqMDIynHK42/h/n8ahEYjzLBmWPGMjqK8OpRlDc4XFrY6BNU0y6MZffBKMgDdkGnGwjmdJIjBJF/GcnePpj3x2rlZbgS7UZGdR1JHOev51Lb3TRupimYKVIXLdP5VGqM+bujobhWtxt8uUKDkSevSmxyoxUMct2P41l2/iC9jkRZ4klj2/MGzj/Pf/Cr6TWF9AbmKSSJo8lspuHrkADnj0oavuJNdC8k8sTB1lwMc5PFS+fbTEiRTG3cgVmCSZT53MkLDcjAEZGODz061KLtXO7YATwd39KlrsWpdy8tpGoOxlkA9etPhkurCbzLaZ48jqpI+ntUNvIu0vG2CffpVlpvNUGQD1yPSqp1JQ+HQu/Y2tL8dTxER6lD5gH/LSMYb/vnv+FdbYarZanH5lpcJKO4B5H1HUV5Z+6+cyzwj5yUAAGFx355NVze28cmYp9kgPytGxDfgRzXrUMfUWlSNzaFeS3PZs0ZrzLTviVNYHZfOt1EOM4w4/Hv+P51dk+LtmzBLXTLmdycKN4XJr0frNNR5m7HQq0Wjv9wHWoJNSsopPKku7dJP7jSAH8q83vLvVvEMm++uXjgJ4tYSVQD0J6t+P5CnLotuq8wBs85IzmuOWYtv3I6eYOr2R6aHVgCrAg9xS5rzGMXGiN5unTNbHqUHKN9V6V1fhjxjaa8ggkIgvl4eEnqR1K+o/Wt6GMjUfK1ZjjUT0e50eaM0lLXaaBRRRQAZozRRQAZooooAKM0UUAFFFFABRRRQAUUUZoAKKKKACiijNAGVrvhrTvEMHlXkILAfLIvDL9DXlHib4e6v4eElzZsbi1HLPH1A/wBodv1Fev32t6dpoP2q7iiI52k5b8hzXOXnxFswxSwtJ7t+mSNo/wAa5cR7Fr32Y1Ywe+54hHrnlTGO8hLAEZkTqvpx3H51qRNFdwhrSZJxjJCk7sfQ9K3tf0tNbu/ts+k2lnuOflJQH3Kg9fpiqEdvBZPtWNUx3hQJn8eteJKlG/u6o43FFOGGYnYIZgo6b8gZ78n/ABqxBp+5/Me4jXbjABJOcdcirDzDcQqcHu3JpvmqDtLj8O5oWHXUjkiWI52jcSNPLuHvgflzmmXl+JCC8KAA5yM565FVmuYT8vmA7eapXOpwKpHJPbHetY0oIehefVZQxAyo+gHH1qN79p4mH74nHB38ZrCl1Ms+VTA6ZzSjVgCx8wAVT5VsHMajYP8ArB+DE81HcS4jHlyBQAATuA/KsefVVJG6Q8cEnk1j3urjB3Pu56HI6UlJWFc2pr53lVFuHYk4UEk9a9A8I+HGishc3PB+8Qe1cN8NLBNev3upl3pAflx0Jx6V6+0oihSCNVQ4AGRkYrKXvavZG1GF9WVZWkjIMWY488HYcGntcyNIcgqq+1PCwPMI1ZCUAYle3Pp60ySQiXZv83nqOgPvWbk11O1JE8jQ3Nm6grlVOcnnNee65eLourwSKzRtL8wdTgKw9fT69sV3VrbKAzAkqx+Unv715p8QEuNQ16KC1jMqwJ87J0Unt+lVOdlGb0Oavpqex+CfF39tRC0vGT7Ug+VwRiZfXjv/APrFdbXzNo2qaloNxE0kcyLGchlBYr9CO1e+eEPFNr4p0sXEMqNLGdkyqejfTtmvXwmLjV92+ppRqqSt1N2ijNFd5uFFFFABRRRQAUUUZoAKKKKACiiigBKKWigBKCwUEk4A9aiurqKygaaZgqKMk151rniO81iYxo7Q2XICKfv/AF/zgVyYrGQoL3t+xMpWOl1nx3YabujtgbyYcYQ4UH6/4VyuoeI9b1LP2q7XT4G6JHwx/qfzrFm1IwBY4IfLXvKy4P4Z/nWU94S5LM7ZbrnNeNPMKlXrZHNKq7mo11bwcRRtK4+9JMc559M1FJqsrLzIFQ5+VQAKqCNpV3b0hXruYYAGayr7U9NskImumuSeiR/Kv4n/AArNVYrYxbZpTXrXBA8zj0J/lVY3owQI9zAZJzXP3Pi2WCORLWCKBeOcAsfbP61j3niK4ZSgmbaT0J/GrVVkOR1k+qKqlnlWPgEqBz+VZs+tRBv3TMwI4JOOT16elcnNqLuu15DjGMZz3qpJdvIOXJ+vH4UvaMm500/iDyzlCA2OoY5U/UVRvPE7zuGmlBIA6AnJrBFzGI2LK27GMAdR/n+dZ7zMJCd2M9Cc0uZPcR0j60EUbGIJ67up/Cqtxrb5BZ8k/j9K59mlbqRg9Ohz+dRXDeWxRpR8oHQYzSA2LjWeDmXI68ngmsPUdfcBzvXJBAPHFZ9zctztLFscj3rLvXaTjYBXVSpXepcVdn1B8Eooo/CFrPuBeVd7HucnNeiXjRvEjZO/O1QvUk14p8BfE8U2gHSJXxcWrYwe6HkH+n4V7CkybNsh6cg+lc9RuLlA6qTSVie2ilL7SCu3IOepqJ1SBi5IWFQSwPQ+5q/Hd2kIMjTxkvySW9q4T4h+KJdPhtIbNP3dwzbieuF24/n+lQ1FJK5pOooq5e1PW7rU7lLK0LQQMCWcHDlR/LNWLTSIoYwqRisDwJI19BPezMHkklOD7DgV3KqqR8nFZRtO8mYQTn7zMg6J5+R8o9AaybnQ5tPuRdWU0tneJys0LYP4+o9jxXSQN5gMu7Dg5IPZc4A/XP4VDK4ly0hDc4+g7VN46NbmsqK6G14F8fS6tcDRtaCRamFJjkUYS5UdSB2YdSPxHcDua8L16ymiKXVq5iurdhLFIvVWHINev+Ftcj8R6DZ6mgCmZPnQfwOOGX8GBFe7l+KdROnN6oqlNv3XuatLRRXpmwUUUUAFJS0UAFFJRQAtFFFABQaKQ9KAOB8c65vna1RiY4js2KeXeuB1G9PkiP75Jw2PUdvwrR1m7c6xctPkmKRwqgclixzWDqFw0QJlQpnhYs4J/wB4j+Qr4nF1nUqyk+5z1JXQS3jMW8+8Coo65wMjsTjr9M1k6p4njsITHYxxiVSMzOMkg9eP8aydQu7m4lKuNqAYVAvA57D9fwqvHpGpSy/JZzMrEksRkY5zyfz/ABrCDb3ORy7Ed5q1zeMxup3Yk5Knhc/T8qoS6gjPtgiIAAU85y3POf8APWttPB8+7fe3UcCM+3GdxI+lLLpuj6e+AZrt4+SMcH8Qa64W6ENPqc6onlJ2DdjnaDUv9lXThXbEQI+83A+nvWvLfyR70s41t4s9gMn6nv3qjKGk+eaUyEADLEk4roUZE2M97SJcF5RKM8hQagkljhTKQDdjuc5BHIAq5JdmLdGiABh121kXiuB0znkVTpyYyC5vWcYRvLXPTpVSSViCfMJxx1qC6truQ5XIrb8OfC7xX4niWa1iEFu/IlnJAP0HWq9lZauxSXQw5XX+/wCvWq0swAwTnnOTzXrFn+zbqku17nXFX1WOHI/MmtyH9m+0RQ1xq1yT6hQM/oapcq6mipyfQ8JRVdjtXf12tg819C/Dv4Q+C9Y8OwvdWv2u92gXJkkO5XxyAARgelZWvfBOw8L6U+rJe3E/2d0by2UcjIHJHasvwz4gvfDt8Ly3m2okf71WIxIBwMiprYhK3LsJ+5JKSPRY/gL4f0q+W/0S6vtMuVzjZLvU+xDZyPxql4m/4TDwtaNNFpseuWyDLPbPiRR6lDn9Ca7Pwl8RNL8RwpD5gguiP9TIcN/wE9x+tdDPCHXhWOOhU9KiTVRcy1OhU4zV4s+W77433rs0Nrp8dtMOqzISw+nrVax1vVvFsdxJfTySNGy/f+UIDnOPTpXt/jD4aaN4lZ55bZYLz/n6gGx8/wC1jg/j+deW6z4D1Xw6JA7LcWhGfOQYOB/e/WsZypKLSVmYVKMo7nb+AWii0kxwSiURvtLDucDOPbmvQJ4h5MTDaUxznP8ASvG/hzq0dvfyaezbRMAVyepH+T+Vew2spe0ELgEr0znH6UUFeLRrh30KqQgyMzMFA42r3qDMcYwI2w3zZbvVqdC+S0aRqvPy8jP0pvyXICoo4Ofofb2rFwd7HYyhqcayxhx/EORWp8Hr1kbWtJJytvMlwnsJAQR+aZ/GqGrjyIlXg+lP+EoL+JtckH3RBCrfXc+P5Gu/BSaxMV/WxyrSoj1SiiivpjqCiiigAooooAKKKKACiiigAooooA8w8eaG9praX1v+6ScZaQDo3euV1KP7OMtO82QTnCYP6Zr3K8soL+Aw3EYdD2Pb3FcRrHw+kYu1mwkU5+XIB/EHg/Wvn8fls5TdSmr3OepTe6PIpNRMBOMPjpvlIA/DNVbnULuSMMkzR5HVTgk12t94D1GHcp0ppAe4Vug/E1hzeB9QEx8vSrhk99wrjp4OpHeJyuEzkppGkGJHYqP4y3I9/bqar+coGxipPXOa7ZPAOsOAsWjxID/fOSPzNXovhTrFyVP+jQHuc5P6A1108JVf2RKlJ9DztkaYlEV2J4AyTUc8TWjhHYM3cIckegNewWXwXJQC6vXI7oi8fz/pWta/BzR4sb4pZf8AefA/TFdcMBN7lrDyZ4BcEzj5YNoHJHPX8aji0vUtRfyrOzlm/wBxCx/QV9PWXw40e0A8rTrUEfxMgY/mcmrr+GFVdqAADsOldUcCluy1hn1Z80W3wt8RX4XfaCFfWWQIB9QDn9K9B8LeJF8IRRaFqnzPajaJI+RwTgYOMjGK9RPh8R8mvF/ilp39n+Jw7FlWQLIgzgMAAD+uayxuEiqakt0KpT9muZHrll4r0vUIo3ivrQbjhQ3yE469aum889gyyIceh3V81Xl0H0tWBKvDMOnUKR+nSqS6rIjHZIw4Azuxg4//AF148pztqSsVJKzR9I6wYJrOaK5VZIpFKujD5SD1FeB+KdHhtLueCzmd4pXBC9CB6e/NULTxJepdR5u5sMSuN/Xg9jx+dc9c3ErTymWRmZiSSSWOffpXPyTc1JaEVKvOtjVSeS2f5S2R029eO/8AOu08P/FvXtGaO1uSl3AqjPnsSxHsf8a8/srx5bVnlVpjEwAGSGIPvXR6f4C8Q6jZ/wBpWmmXMsD87iMMw68KeSPcZrWMHKTstfIyjzL4T1vTvito2oqDOr2snfeNy/mP8Kl1rWtJv7CTyxBPFIpVgsgIIPUHmvC9Stb7TSYZreaCQMMxuhB6eh96sySSrbwwbpOMuw7ZPT/P0qHRnJbmv1idrMdhdD1kmMmZkbdHIW7Z4zjvya9b8NeJYtRtYwzbZgMEN1OO9cV4D8GJ4omnjuxJFBDFuMiDBEjH5frwOav3XgPxDodyBFC88Sn93cQA4x7jqPx/Ouj6lVhFTjqEVKPvJHo4u174NRSXUcPzxoA1czYXOopGI5T5zjjCqePxrpNN0XVNSAK2/lqf4pDgfypRpVJvSLudKnJ7GBrN9LISxBJJwqjua9C+HXhh/D+lSXF2hS+vm82ZSfuAfdX8AefcmrWjeC7LT5o7ufNzcodylvuofYevua6OvUwWA9lL2k9zSnTs+Z7hRRRXqGwUUUUAFFFFABRRRQAUUUUAFFFHNABRRRQA1kVuophtYj/CKlooAhFpEP4BT1hReiin0UAIFHpS4oooAKQjIpaKAIWjDdaytZ8J6Rr8Ii1KxguVXO3evK/Q9R+FbRWjGKbs1ZkNXPLNS/Z/8P3cciWt3f2m9twCyBwv03DP61gJ+zFarOZf+EjuCM52m3H/AMVXuWKMVzPCUX9kj2MOx4tF+zXp6TK8mu3bqDkqI1Gfar9v+zz4ZilMtw17eknJWWbC/wDjoB/WvWsUYojhKCd+UFRgtkcho3w60LQxiw0m0gP97Zub/vo5P61vDTB3FaVFbqMY/CjRRS2Mi78PWd/GI7y0t7hB0WaMOB+dUP8AhX3h4yFzo9iWJycxCumopOEXq0Din0M230K0tUEcEMcSDokahQPwFWlso16CrFFUOxCLSIHdsBPripAir0FOooGFFFFABRRRQAUUUUAFFFFABRRRmgAooooAKKKKACijNFABRRRQAcUUZooAKKKM0AFFFFABRRRQAUUZooAKKKKACiiigAooooAKKKKACiiigAooooAKKKKACiiigAooooAKKKKACiiigAooooAPwooooAKPwoooAKKKKACiiigAooqOeaO2hknmkWOKNS7uxwFA6kn0oAko/CuCsvjHoN7rC6cqT4luBbwzqAySEnAPXIHI9etdte3ttp1rJdXc8cEEQ3PJI2FUe5rGliKdVNwd7ExnGWqZPRXCaf8AGPwxf6rJZNdfZ4R/q7mY7Uc9/wDd9if0rt4po54VlidXjdQyspyGB6EGnSr06qvTdwjNS2Y7zFDBSw3HoM806vIZNXvNR+JKW6TstxHdtbgQjayxpyT83X5Tn35r14dKwwmK9vzaWs7ChPmuFFFFdhYUUVTNxcfbfK8oeVnG7nPTrUylYC5R+FFFUAfhRR+NFABRRRQAUUUUAFFFFAB+FFFH40AFFFFABRRRxQAUUhIHWonuFXoC30qXJLcCajNUZLi4fhAE/U1VeGeT78jn8aylXS2Fc2MimSSxxIXkdURRksxwAK818YePtN8NM9pARe6gODGrfLGf9o+vsOfpXlWs+LdV15yb28kaPPywqcRr9F/r1rysVnlOj7qV2Zuqke76p8TfDWmEoL03cg/htl3j/vrp+tc3dfGuHOLXSWYess2P0AP868Y+0H1NL9oPqa8CtnuMm/daj6L/ADuT7ZHrk3xqu2x5Ol26eu+Qt/LFQ/8AC6NUxxY2Ofo3+NeVxvJK4SNWdzwFUZJrcs/COtXahzALdT085sH8hk1gszx03pN/gNVW9ju4/jTfg/vNOtGH+yzD+prB8WftN6No2dJ1nw9PcJeQHzFgmGPLbKnqB15rCn8NpZ3DQ6hqF3HsjMrG2twAqDGSWbdkDI6AVrJ8MvD8kiXFxpiX0qj5XvSZiPoHyB+AFd+Fx+JjK9aba7af5Ap810meW+HbzTb5dOtb7xFa21lJcNcR3kMeZ1RduYyvBDHHBycbe+a9u+Jfjfwp4r0Kxgt5L7UES63SRQ2dySR5UgBO0DI3be9RweHraxiKwW8VvGo6RoFAH4UttYR3lvHcQ5aKVQ6HBGQeQcGqjjXGEqcY6S+8Uaaj7p5hqlto39m35sNB1U3XmD7KPsd0MruXP3jgcbute2/CPxRpFv4JskvpE0a5YuWsrydgYPmOFBkxxgA8cc1z97YfZYTJt59xXLSeIHgv1gkSLYwb+Egggcd6vBV50W5Qjf1Z6GDyqtiLyopaHqmieHfD+s/EPUvFNleJPJZstuI4pFaLzjEpaTj+LYyLwccHvXfZFeCeGz/bdr58yR+ep3bUQjYpJC8nudp/Suqs7zWbDAg1G62j+CRvMH0w2cfhivRp5tCDcZQt6GVbDyw9SVKa1R6e0yL3z9Kx9V8XaVpGRdXtvCw/hdxu/wC+Rk15bqt14m8Qw+fBrMs9s+cRp+5BAJGMDGeneuTutI1C0JM9pMvq23I/McVxYvP6kdKdP5sykpRdmrM9Q1L4w2EOVs4prluxChF/M5P6VzF98WNcuCfsoitQe/Lt+vH6VxVFeHWzjF1d529CLnQSeP8AxRK25tZuQf8AZwo/QVLb/EfxVbkEatI49JI0b+Yrmu9WrfSr+6/1NpM49dpA/OuaOLxN9Jy+9juztbH4y61AQLu0s7pR3UGNj+PI/Sun0z4yaLc4W+trmyY9Wx5iD8Rz+leZw+ENVl+/HHF/vvn+WauReCJ+styB7Kmf1zXpUM0zCHW68/6uNXPbtM8RaTrK5sNQt7g9dquNw+q9R+VaOc14VF4NhiYMJbjcOQQwGP0rp9L1LWtKj8qK/nlTHAuD5mPoTzXuYfO5PSvC3p/l/wAEZ6dRXBJ4s1xepgb6x/4GrUPjTUVx51nA/wDukr/jXdHNsO97r5DOzorm7fxpA+BPZzR+6kMP6Vq2muWF4QsdwoY/wuNp/WuqnjKNTSMkBfooyDRXSBnf2s3/ADyH50DVm7xD86oUV8/9crfzGnKjRGqj+KMj6GnrqcLfeDr+FZdFWsdWXUOVGwtzBJ0kH48VLsU88VhGpbZ2WVQGYDPQGuijjOeVpRJcTXYIilmIAAySe1eM/Ef4whml0jw3NhBlZr5e/qIz/wCzfl611nxsuJrfwJOYZZIy80aNsYjcpPIOOoPpXzfXFnGLlSapQ0v1OLE1XH3UWDcsxJJyTySe9LHI8rhEVnZjgKoyTUNuA08YIBBYZBr6P8JaZY2ekW8ttZW0Ejp8zxxKpb6kDmvnaVFTdjnowdR2ueO6R8PPE2r7WWwa1iP/AC0uj5Y/L736V2mk/B22h2vqd5Jct3jiGxPz6n9K9K7UV3xwVNb6noQw0FvqYVh4WsdLTZZ2cMA6EqvJ+p6mrf8AZn+yK0qBW6pRWxuopbHHar4NudSvLqRnh8mcQQhSSCIVcvIOnVjx9KyU+HutqgiF9bRqIwRIrvuRwj7QBj7oeTOc5wBxxXo5oqXh4vU55YSnJ8zPMU8C6tfS3ZiS309Iz5EXzSE8RkEqSOVLSMc9yo9asN8OtRSaJYZLQ2iT+YInkceWokBwvHUoqg/j65r0ail9WiQsDSPNG+GepGSGT7TbF1KNIxd/mYKxc4x3ZvyH4Vlat4D320ls9/YQ6hFM0rMxcAR7Ado+Xk969g700opJO0ZPtWtOChoj2MtxUsDdUfU8r/4ReG2i82HVrFeDFlZGAkUeUoQ4HTYrZx3elTw06BE/tKwS7tuVVHfCkNI7cY9dgx6Ka9T8pMAbFwOgxRtX+6Pyq7Ha80qW1/T/ACOH0Hwze2Fk/wDZc9lJDIwKszMRhVVemOpIYn3Irf0/Sr1YWF+8Eku7gxKQNuB6985raAA4AwKWs3TTdzyK8nVqurJ6syZdDgn/ANbbxSf76g/zqD/hFdOzn+zrPP8A1xX/AArdoqXRg90RyoyYtEgh/wBVBFH/ALqgVJ/Zn+yK0qDTVKKDlRm/2Z/sij+zP9kVpUGn7NBZGb/Zn+yKP7M/2RWlSUezQcqM7+zP9kUf2Z/sitKij2aCyM3+zP8AZFH9mf7IrSoo9mg5UVoFu7YARTyKB23ZH5VeTVL1VwyRMfUioqBW0KlSHwyYcqP/2Q==', NULL),
(364, 140, '/9j/4AAQSkZJRgABAQEAYABgAAD//gA7Q1JFQVRPUjogZ2QtanBlZyB2MS4wICh1c2luZyBJSkcgSlBFRyB2NjIpLCBxdWFsaXR5ID0gODIK/9sAQwAGBAQFBAQGBQUFBgYGBwkOCQkICAkSDQ0KDhUSFhYVEhQUFxohHBcYHxkUFB0nHR8iIyUlJRYcKSwoJCshJCUk/9sAQwEGBgYJCAkRCQkRJBgUGCQkJCQkJCQkJCQkJCQkJCQkJCQkJCQkJCQkJCQkJCQkJCQkJCQkJCQkJCQkJCQkJCQk/8AAEQgA2gEsAwEiAAIRAQMRAf/EAB8AAAEFAQEBAQEBAAAAAAAAAAABAgMEBQYHCAkKC//EALUQAAIBAwMCBAMFBQQEAAABfQECAwAEEQUSITFBBhNRYQcicRQygZGhCCNCscEVUtHwJDNicoIJChYXGBkaJSYnKCkqNDU2Nzg5OkNERUZHSElKU1RVVldYWVpjZGVmZ2hpanN0dXZ3eHl6g4SFhoeIiYqSk5SVlpeYmZqio6Slpqeoqaqys7S1tre4ubrCw8TFxsfIycrS09TV1tfY2drh4uPk5ebn6Onq8fLz9PX29/j5+v/EAB8BAAMBAQEBAQEBAQEAAAAAAAABAgMEBQYHCAkKC//EALURAAIBAgQEAwQHBQQEAAECdwABAgMRBAUhMQYSQVEHYXETIjKBCBRCkaGxwQkjM1LwFWJy0QoWJDThJfEXGBkaJicoKSo1Njc4OTpDREVGR0hJSlNUVVZXWFlaY2RlZmdoaWpzdHV2d3h5eoKDhIWGh4iJipKTlJWWl5iZmqKjpKWmp6ipqrKztLW2t7i5usLDxMXGx8jJytLT1NXW19jZ2uLj5OXm5+jp6vLz9PX29/j5+v/aAAwDAQACEQMRAD8A+qaKM0UAFFFFABRijNFABiiiigAxRijNFABijFGaM0AGKMUUUAFGKKKADFGKKM0AGKMUUUAFGKM0UAFFGaKACiiigAxRiiigAxRRRmgAxRRRQAUUUUAFGKKKADFGKKKACkpaKACiiigAooooASloooAKSlooAKKKKACiiigAooooAKKKM0AJS0VRGqxrqTWEqFHKho2J4cf49aidSMLcz3E2XaKWirGFFFFABRRRQAUUUUAFFFFACUtFFABRRRQAUUUUAFFFFABRRRQAUUUUAFFFFABRSUtABRRRQAUUlLQAUVBd3SWcJlkDbAQCVGce9SRSpMiyRsrowyGByCKXMr2AfRRSUwGiVC5QOpYdQDyK4fxl4uubDU202ArHGqKzMf4iecZ7cVU8bGXT9fNxC7xvJGrgqcHjj+lcZ4gludXn+0PLvmJXcTxuAx6ewr5bMc496WGs4tO1/I5atZr3Uew+HvEtrr6SrCHjlhIDI/XBHDD2/wAKz/GKmGeyuUyrDcu4duhH9a898Pa1LoF/BekkomI5l7tGTz+R5FemeKVS60VLhGDKrpIrDkEHj+tdbrvFYKafxL/h7jjPng090aOj3pv7GOZsb+jY9RV2uc8H3CtFcW+750IbHsf/ANVdC7bVLdMDNelgazq4eM3vY3g7xuOorivCHijULowW2pOkrylj5m3aVzyq+9drV4XF08TDnphCakroKKKK6SgooooAKKKKACiiigAooooAKKKKACiiigAooooAKKKKACiiigAooooAKKiubqCzhaa4lSGJfvO7AAfiaitdVsb44tby3nPpHIGP6VLkk7XFdbFqiiiqGNdA6lWAIIwQa52Frzw3PMbhWn092Lh4xzEfcdvftW1falbaaqPdP5UbNt8wj5VPue341YVlkUFSGUjII5BFY1Kam007NEtX23K1lqlnqK7radJPYdfyq3XF6/4SurS5bUdEcKrHdLbZ24P95D29x+VVtL8c3VoFTUI/PQcb14Yf41xSzFUKns8SrX2fRmftbO0yT4oWebS0vgv+qcxsQOzcj9R+tebTTYz3Fes+ItX0zWPC18YpDNmPhFwHVsjBIPYHGa8Xa53r97NfLZ/CH1lVIO6kv+Ac2ItzXXU17S4iu8RS8FlIz/Suz0jUpv8AhG5dLklEghkXyyx+byien4HA+hFeeafKskwGdsnUe9dZpSM0p3AErgj3FYYfETpp22aa+8iDsek+HtNSwsg+B5swDO3t2H4f40niXVYtK0yZ3PzSI6oPVtpP9KTw7qy6hbPEV2S2xEbgnORjhvoefyNcH448SQ6rrAs7RxJFaowLDoXLYI/QD86+qr4qnh8CpUuq0/U7JzUYaFfSJ3Z43X7yuuDXrQ6V5N4ejBMecDdIvFegReI7a9199Gs2Mktsu+5cD5Y/Rc+v8q83huahTnzPdq34k0WktTaooor6s6AooooAKKKKACiiigAooooAKKKKACiiigAzRRRQAUUUUAGaM0lFAC5opKWgBksUc8bRyosiMMMrDII9xXMar4CsLkmbTibG4HK7PuZ+nb8K6qkrKrRhUVpq5MoRlujzpfEniHwnN9n1aMTwg4V3OQ4/2X6/nmug034gaReqwnkazdRkiXlT9GHWtrVdKtdYsntLuPfG/wCan1B7GvH/ABJ4U1TwxNu2mezZvlnUZAHow7GvKxUsThFzUnzR8+hy1HUo6rVGt8QPGVndhG0jUr9J0BjZUT9zMp6ghj1/CuO0H4geIPDm1rWf7TZBiDBKMqPUDuv4H8DTUs9PupsXkt2iNwTC6/L7gMOfpkfWuj074Y25sJ7nQ9WXVIHOWglQK6n069frivJoVMVXqOrzK/Zf5HMnUqS5ky1N8etPktXSfSbyJ8YPkzgsD6rwDXnLfE6dJXmmt1vICx+fHlSD2YYxn3A5qn4u8Pz2xxDazSkv5exOXjfOAPz9en83xfDrX5NNY3l9bwzKuV8v53b/AGWGMN+Y/Gs8binUsq01/XyJqTqS3Y3VPitp7WmDpUp3cNmXKr+IGf5Vl6d4gt9YnSKykkjnlbCROeHb0z2P161iJ4QvpzLMzRlCoMbwnIlz3weQPY1oeCvC8r6/DeyW0tgNOBurhzhoHVOcg5ypPHHP6VjUoUWnfdGV3J2bLtr4xht9Uis7pLuOUnoV4+uc8j3Feq6NrFvPbpMWIVBy7KVBHvmvEtItfEqX09y+qvYpK7O20As5J7AdPzrUa98UuzQyak1zbLjY2Ap99xxk/iTWcqNNK0H+P/AKVXl21PWZPE89nc6hPZ3kb2zxhWMTAlRj298/mag0nT4pdPubhZo3lEscIUNyQFJZiOo5IrM8E+GpZ7JNR1w28sXDRR+WBwP4mPGam1nxG2jyPFEYDYB/NGABtbuQRg5x+dYxfLF87vo7L1N1LS8zpYJJLDT5rpQVktwzjHXIUEVe+CdmraVfam87TT3MwRtxywCjPPfndXLS+J2vNNNtEkflXSf66NwxII7DtkfzrY+El4NM1SewJ/dXSAqT/Cy54P5n9K7Mr/dYmHNtr8my4TXtI22PXM0Ugpa+4PQCjNFJQAuaM1Th1WzuL17KKZZJkXcwXnAzirYIzjNTGcZaxdwFoooqgDNGaKKADNFFFABRmiigAooooAKKKKACiijNABSbgOpAqOaNWBZ5GVQOQG2iudv9Z8KW+/z7qCRl6hGZz+lc9evGkryaXq7Eylbc6bcDUclzDDzJKi/U15xrPjTRpwfsVre+Yowrbgi/1NYaeKpiCjmaMNwdrkg/hXjV+IaMJcsbS9H/AMA55YqKdkexQ3cFx/qpo3x2U5pbjyTA/n7PK2nfvxtx3zntXkUPiBYyuyU7ieH3YK/rTbzxhdtbDTrm+cRS8Dd8xI9264rD/WamvdnB3e3YX1uNthnirRtAW987RrqVQT+8hCZj/wCAseR+ornFur7SbtLrSb2a1ulOAyHIYf3WXow+ta1zHuiPzMeOoHFc/fPPZECztzPM3BctxH+PrXgzq1qlT2+kbdEebKTcuZaeh0F7r7SSfar9LUag6gztACqFh3wScHGM/Ssm+157lPLt5l3v/cYEqP6GsTU7GIrtGo25uCMlZMgE/rms3w/aXEWoTfanVkCfKUkDgnP5isaVB4it7Ss7sHOTeqOrtY/MCo3Oan16W20PQZ4/MSJ7geVlsDPdvrwMfjVnSLYFxJtOFGcY79q8x8W6n/wmXiYQ2v23bZsI4t8YMSjPzP14J/PAHpXu1YwceVlaWMjWPGX2K4MFtDhR96SQEAn2Hp71hX8t3qtr/aFvd3IUEiSIOzbD6jnp0+ldzdeH7PXIvs00USvsIjkUbWBA4ye/41j6V4dW1uorBA4klkERI5APOSfYc81z4avSUfdVpImDXTc7y48Y3ekeAdF1TUZ1hdbdYzblf9bjgcepAB/GuOf4qeHtctzDe6DcW0p5JhlDqx+hxUXjvQta8SaoJFdF061UQ20C7vljHAJ9zjJ/+tXKP4Umt28oKwmPORyMen+TWlClQknOo7yevobytuz1/wAGa7YaxILRGuLeNdu0yIuFzwBkE4rubW2Sw1Ftl0GZWyCCpH0Neb+A/Dk2meGJVNz5Uk0yyFsZyVyAD6jk8V0NtpNmsJnupNLLu2WlubGYM7E9yCuT+FeTimlO8HoOlJM9TsfGN/bvtFtPcx8fI6YYfRhwfpWld/EXTrK2aSS1uvOUZ8rAyfxzXmum6RfK6j+y9OePAAMUJH45Zif0rWuLCK2QG7nggz/C7AD8hjNa0c8xVFWUrrzO6M3Y7aH4h6ddWEN7b21zIkxKgbQCjjqrc8EVz+v+Nby+/wBFgkSyVuqKS8rD6DpWLokVlNpes20epLJFDNDOXtxhULblx8vsBUFxp7IdlvceTARkuxVMe+AK1x2cYqpFRUrKS9PIp3a0JrKN4H89ZZ0kzjezAZHcEA8fka6rwrq0NhcSC5v94nIGGHA9OcV57Fp1qJd6X93qD9ym1Yh+OOf1rY8PaPNql95Ec7bcgMEywT/eI/8ArV5mDxNWnXj7LVp6LXUmMrOyPZAcjIpar2Nu1paQwM4cxoF3YxnFWK/UINuKclZm4UUUVQBRRRQAUUUZoAKKKKACiiigBKKWigDM1/RIvEFgbOWaaFSwbdGcHI9fUe1clN8KI2VvJ1WRTjjdFn+Rr0CiuHE5bh8RLmqxu/mZzpQm7yR5Pd/C7XEH7i4s5h7uyn9R/WsPUfAviHT4nnntYkij53mZMH6c5Ne06pqMGk2M17cHEcS7jjqfQD3J4ryy41PWPGWohVibBP7qBT8qD1P9Sa8LG5bgsPZRT5nskzir0KcdFe5zGnaKs0x+2SomPuxKclj+FSav4bvNOvsXdlPDA4Bicodv0z6+1eo6Z4f0vwdajUdTcPPn5pihKxZ9ABx9TXNeNvi7apA9joUaXLMMPcTJlAP9lT1/Hj61xSyqnSTq4ipyvpHf+mQqMKcbzdmcXcWrpDsileMd9pwcVwOv65qmiagq6ZdvNuOGilO5f/rY9Riurt9Zk1KKS2mcrdNkpKqjbj/aAHGPWvPdRSV7uVEBJ/5aStnGP8P51xYaSc7PZHPKqnsV73UZb2YtIQZXxuKDOT7VueCbu20W9uW1S/ggjmUBDI4AVhyRk98HoKzdM0w6gZBa7kijOJZh94+w9B/n1xzfiaHF0trCC235VHYV6lCKcuUUInuFx4ssLrw1eXehTLeCBxHJKoIUE9QD3IBHPTmucLrHJ5+4sWO4MSSW/E1a+FOlRP8ADyWzbBMk8u846kgc/lj8qzJd1pF9ndP3sWYzn2OK5q1nVa6DqK1mi5C5XUopRu2Od49AfT862tE0V5ddu54o8oCxRmA6P/8AWyK53SwZG2Nkup3j+td94Uvkt7jbcYCOp+Y/wmvNqt06vKtmKm1zK5X1DT5zJ9nitgzAcseVX24rkNU0qfTbjzNSvLaGPnHmsEP/AAEBea0dT+OnhezldI4r+VnbJkEQC5/POPwrj9fvmv7k6tJNcNJO3ywOPlij7Y75PvXb9VmkufS50VXGx2+m3tvc2SC3lDoOFK9D+dM8Wz3oS1Es5eNIxsUfwj/OD+VZnhSH7XppjDbCjdPY8/41s6jaK+norfMFYj+VcNePJpbRHJrqjprW5m162ilfU9ZW2ZR/qRFBCDjpvzu4+tWj4NiWMzRWVvImcedc77hyf+BHH61zXhKWG1jnjnuIIQjKUMibmGc52/kK0NR1XSNpE+p3d2c52m7EY/BVIrh9peTVj06M1KKbNvR9FltdI15JZ3HnSW8YICQgYy2BywHB+tZfl6Usmyb7LKw73N2Zf04/nWlNc2ml6Haafb2Fikt6TfPb3sx+UsMJnhiTtHNZEen63PMJY9F0AJnloW34H4qK6cXZyjG9nFJdPX9TWStaI5bO2mlMtxr29QSfLjCqqD0AArf8Oa7YWd7bjT7ozFnAYKSNy+nSsaXR9bClvtFha8dOBUvgx77T7+4mM8SXIIAfbkSJ6YHfNZYecYTjJSs0+n+Wg4tRaSR7RbzC4gjlXIDqGwe2afUNk8strE8y7ZGUFhjHP0qev1SlLmgn5G4lLRRVgFFFFABSUtFABRSUUALRRRQAUUUlAC0ZxUNxOLdNxSR/aNSx/Sq5a4vlKiN7aE8Fm++R7AdPr1qJVEnbqK5z3iKC58UXy6ZbZW1gbdLJ2Lf/AFuePWnX93pfgDSgsKB7qUYQH70h9T6KK27m4j0a1EdtZTSkD5Y4UJyfc9q828QaTreuaobu6sZy2MKijCoo7AmvIxfNRTqQXNUf4HLV9y7SvJ/gctq+p6vrxYXt3cTrnO0vhB+HQVmW/h2fUJHjtgZiil5DkKkajuzHgV0l1o2qRKV/sy7IC8KsZIz+FUvFOpnSNMt9KtLeeyhkUS3TzIVa4fA9eiqeg9fpmvla1KWtSvfT1uzzpRespmLd6hZaZp/lW9sIx0kdBlpm+p/h9B+J7AcfKL/xdqqafZRhEIy7Hog7kmpbiS916UW9lFK5zliBwozjJ9BmvSNH8HWeg6UsO9jcNh5Zg2Czen09q54NU2qlTd7eRlCLm79Dn73TNO8LaKbS2IYRrmST++e5NeM39+Wu7y8KjO8xIPTuf5ivUPHcojQxo8jezN1PbivHb5PtF5aWW/YhYbz7s3X8sV6+W2q3mbJ+9Y95+CgNx4dlt5CdySLJtPoygfzU1z3ifVYX8eajo6YEsOxgD/FlAf610nw7P9mavDHGmBMnluOwBPH64ryv4jW92nxI1XUYCUYXP7tweQVUD+lTQUa1R3drp/oUrSjZnoOn2pidGxls5P0rooY1kVo3HyMCpA7g1l+Hre+n0uC8v7RraWRRlW6/XHUZ64NbFq/lnYx4HTNediqfvehz7bnjP/COxw+LY9HjtlWKBiXeR/NkcL3JPAH0A612uqaWby2DYG4DJ+X+tbqaHb22u3l+IF33GCH6lgQM8+mR09q1/JhhgMkqLtI4U9zXdVm6sYyv0/E0leWpyPhUrZXJtXI82WPd+XTP4ZrppFEtuyYyA3P5VxV/P/ZfiaG6bPlSyAFz9f8AA1163AKy7OBkf1rjxWsU2S3cfYyvZJIy6iLJZGCZXJdyOwA5PXtWl4Zs5dZ1x4dVFxeWMKq5jvodgkB6th13gKAx7ZxiqNpYTuIXWeaBt+7Mac7ceoPXnuB1q1dG/wBFa7uNL0wQ/aQEO3JJHdiepb/PejCYSrJ86g2l9x6eFjypcyN+5kg8Qm8nudIW1v4huJSUgzQjjIYHggYyM4NYlnBpEF9ve71ONzwI2ncx/iRgn8zWR4cu9cl8SxSXVpcRQypJFK0Yc5VkIwOcDt+NTRW+ugkS297CeRlZS3H/AAIGlXwOIn73Lr1N5q6UjoH0zzJPNRJ5VPAaOYlR+Ax+prq/AejWd1Jdtcxl5Y9qglmVgPThj7VxGkWWq284aN7lS3BMuSP5V2+nXVzp8tvI3zxo2WWD5Ax/2uP50sBhZ0K8aleF4ryv9/5ihbqj0FUCKFHQDApaZDJ5sSSbSu5QcN1H1p9fo6tbQ2CiiimAUUUUAFFFFABRRRQAUUUUAFFFFACUtFFACYoKg8YFLRQBm3sJj+ZeleZfE/w5eeIhbi10u4uHjUjzorhUHX7rKevqD7mvU9Rnjhi+dsfzrjNY8QW8O5PNGc48tDksfQ4rzswdN03Cb3/rqc9eKaszy7QPCtxpV3G95ElvHE28wswLMw6ZwSOPfmtzUNas4lbdOrkAnIGcewrQvtI1u9gaWGwdVY4Bcqpx/uk5/SuI8T266DEwvUunkPQRhVGfqST/AOO18hWyybfM07eZwez5FojmfExM8s11O21Oo9a84fTZLm4eYoQXbIHoO1d1FcT+Ib5xcD5UG5FC4AP9eM1pWvhnzZkTHy7uTV4ecsOuTqc1mmdH4G1L7T4nGn7BgWsVyH9CWII/lUiLpwTU/Flrp9rqcm2a6t3c5G5dxwBg4ORjPUVj6yg8GzS+KFnSNm0+SwgtyfmmlZgVIHouSSfYDvXMfC/Xbqxh1LSJCZbO5t5GwefLk2nkfXofwNbQpxUOdPb+mbxajuWfiF8UtUtdL0mHSnjtLzULdby6cDd5asAQOc+/4D3rrvC+sNrmj2epy28kIuU+66lc9tw9iRke1cn4O+GaeJNYk1TXi0ttZpHDb6enLXBjjUbmH9zI4Hf6dd9dP8YPr0uo3+nSw2YHkxWkSkrFEOnTgt7/AICt8ThlKko01qtW/wBDSpT5op9TpJGj3JvPAzz6CsfUdXe4m/d4WJDgD29adqZvbopb2lrcyyMATsibv26VreH/AIc6rqLiXU4XtoP7nR2+vpXHRo1ZpQhEwUJy91IxNL8MyeJpzG2BbI3zysM/gvv/ACrqLTwPdJqvlNl9PHzbyw3H/ZI9ff0ruNN8Lw2EaRxDy1UYCr2rZisEGMljivZpZLBxXtNXe52U8JFLXcw7PS1hAAjBHuKvDTg4+aPp2rZjtAvRTVqO2+b7or2Y0Vax2pGJa6YiOD5YHPpVldOVjkrk+4rYS2AJ4qZbcDtWipIqxlQ6fgjAA/Cr8FpgDNWljA7U/GKtQSBKwgGBilooqxhRRRQAUUUUAFFFFABRRRQAUUUUAFFFHNABRRRQBWu7+OyXdKkuzH3kQsB+VZ0uvvMMWlncuP75jOP0FbWKTFZyjJ7Ownc4vUNM1rV9xVGiBzgyED9M1l2Xg/xJaszxLZxOc/vGbc/59q9IxS1h9Sp35ne5m6SerPPJ/BXiS8H73VkXPXGaybr4Nm4Pm3t6Zj7CvWayPE969jpFzLEQsuwrGSOAxHBPtSqYelGLnJbEyoxSuzwbV9A0vR9VeDT5fMWJdrsvQtk5Gfyqxp0cakyEAY4UVLF4fmnceWTKM8lQcfma37HwNfXmNwKL0AHb8a+ThCpXqOUI7nnRhKTukeSfFloLu3tQkq+ZbPtwO5Ycj68D8jV34UeDX1DdM6FbdRl3x1JHAFetXPwd0a4Vf7SgM5UEqMkYJHUY710GheF4dH02G0hhMUKDCA9T7n3NelLL6rcKc9upqsNJyXNsR6bYwWqgQxJGBxhRV3ymPTpWlb6WCOmPpV6PTUXrzXvRpncoGRFbsQOtWktH961UtY06CpRGo7Vqo2LUTMSxPcVajswvarWPalqrDsRCBR2p4QDtTqKYxMCloooAKKKKACiiigAooooAKKKKACiiigAooozQAUUUUAFFFFABRRmigAooooAOKKM0UAFMlhjmUrIoYHqDT6M0AU10myQ5WFB+FWUiSMYVQKfRSUUthWQwxhjkjJoMSE5Kg0+imMQADoKWjNFABRRRQAUUUUAFFFFABRRRQAUUUUAFFFFABRRRQAUUUUAFFFFABRRRQAUUUUAFFFFAB+FFFFABR+FFFABRRRQAUUUUAFFFRzzR20Mk80ixxRqXd2OAoHUk+lAElH4VwVl8Y9BvdYXTlSfEtwLeGdQGSQk4B65A5Hr1rtr29ttOtZLq7njggiG55JGwqj3NY0sRTqpuDvYmM4y1TJ6K4TT/AIx+GL/VZLJrr7PCP9XczHajnv8A7vsT+ldvFNHPCssTq8bqGVlOQwPQg06VenVV6buEZqWzHeYoYKWG49BnmnV5DJq95qPxJS3SdluI7trcCEbWWNOSfm6/Kc+/NevDpWGExXt+bS1nYUJ81wooorsLCiiqZuLj7b5XlDys43c56damUrAXKPwooqgD8KKPxooAKKKKACiiigAooooAPwooo/GgAooooAKKKOKACikJA61E9wq9AW+lS5JbgTUZqjJcXD8IAn6mqrwzyffkc/jWUq6WwrmxkUySWOJC8jqiKMlmOABXmvjDx9pvhpntICL3UBwY1b5Yz/tH19hz9K8q1nxbquvOTe3kjR5+WFTiNfov9eteVis8p0fdSuzN1Uj3fVPib4a0wlBem7kH8Nsu8f8AfXT9a5u6+NcOcWuksw9ZZsfoAf514x9oPqaX7QfU14FbPcZN+61H0X+dyfbI9cm+NV22PJ0u3T13yFv5YqH/AIXRqmOLGxz9G/xryuN5JXCRqzueAqjJNbln4R1q7UOYBbqennNg/kMmsFmeOm9Jv8Bqq3sd3H8ab8H95p1ow/2WYf1NYPiz9pvRtGzpOs+Hp7hLyA+YsEwx5bZU9QOvNYU/htLO4aHUNQu49kZlY21uAFQYySzbsgZHQCtZPhl4fkkS4uNMS+lUfK96TMR9A+QPwArvwuPxMZXrTbXbT/IFPmukzy3w7eabfLp1rfeIrW2spLhriO8hjzOqLtzGV4IY44OTjb3zXt3xL8b+FPFehWMFvJfagiXW6SKGzuSSPKkAJ2gZG7b3qODw9bWMRWC3it41HSNAoA/CltrCO8t47iHLRSqHQ4IyDyDg1Uca4wlTjHSX3ijTUfdPMNUttG/s2/NhoOqm68wfZR9juhldy5+8cDjd1r234R+KNIt/BNkl9ImjXLFy1leTsDB8xwoMmOMAHjjmufvbD7LCZNvPuK5aTxA8F+sEiRbGDfwkEEDjvV4KvOi3KEb+rPQweVVsReVFLQ9U0Tw74f1n4h6l4psrxJ5LNltxHFIrRecYlLScfxbGReDjg9677IrwTw2f7btfPmSPz1O7aiEbFJIXk9ztP6V1VneazYYEGo3W0fwSN5g+mGzj8MV6NPNoQbjKFvQyrYeWHqSpTWqPT2mRe+fpWPqvi7StIyLq9t4WH8LuN3/fIya8t1W68TeIYfPg1mWe2fOI0/cggEjGBjPTvXJ3WkahaEme0mX1bbkfmOK4sXn9SOlOn82ZSUouzVmeoal8YbCHK2cU1y3YhQi/mcn9K5i++LGuXBP2URWoPfl2/Xj9K4qivDrZxi6u87ehFzoJPH/iiVtzazcg/wCzhR+gqW3+I/iq3II1aRx6SRo38xXNd6tW+lX91/qbSZx67SB+dc0cXib6Tl97Hdna2Pxl1qAgXdpZ3SjuoMbH8eR+ldPpnxk0W5wt9bXNkx6tjzEH4jn9K8zh8IarL9+OOL/ffP8ALNXIvBE/WW5A9lTP65r0qGaZhDrdef8AVxq57dpniLSdZXNhqFvcHrtVxuH1XqPyrRzmvCovBsMTBhLcbhyCGAx+ldPpepa1pUflRX88qY4FwfMx9Cea9zD53J6V4W9P8v8AgjPTqK4JPFmuL1MDfWP/AANWofGmorjzrOB/90lf8a7o5th3vdfIZ2dFc3b+NIHwJ7OaP3Uhh/StW01ywvCFjuFDH+FxtP611U8ZRqaRkgL9FGQaK6QM7+1m/wCeQ/Ogas3eIfnVCivn/rlb+Y05UaI1UfxRkfQ09dThb7wdfwrLoq1jqy6hyo2FuYJOkg/HipdinnisI1LbOyyqAzAZ6A10UcZzytKJLia7BEUsxAAGST2rxn4j/GEM0ukeG5sIMrNfL39RGf8A2b8vWus+NlxNb+BJzDLJGXmjRtjEblJ5Bx1B9K+b64s4xcqTVKGl+pxYmq4+6iwblmJJOSeST3pY5HlcIis7McBVGSahtwGnjBAILDINfR/hLTLGz0i3ltrK2gkdPmeOJVLfUgc187Soqbsc9GDqO1zx3SPh54m1fay2DWsR/wCWl0fLH5fe/Su00n4O20O19TvJLlu8cQ2J+fU/pXpXaiu+OCprfU9CGGgt9TCsPC1jpabLOzhgHQlV5P1PU1b/ALM/2RWlQK3VKK2N1FLY47VfBtzqV5dSM8PkziCEKSQRCrl5B06sePpWSnw91tUEQvraNRGCJFd9yOEfaAMfdDyZznOAOOK9HNFS8PF6nPLCU5PmZ5ingXVr6W7MSW+npGfIi+aQniMglSRypaRjnuVHrVhvh1qKTRLDJaG0SfzBE8jjy1EgOF46lFUH8fXNejUUvq0SFgaR5o3wz1IyQyfabYupRpGLv8zBWLnGO7N+Q/CsrVvAe+2ktnv7CHUIpmlZmLgCPYDtHy8nvXsHemlFJJ2jJ9q1pwUNEexluKlgbqj6nlf/AAi8NtF5sOrWK8GLKyMBIo8pQhwOmxWzju9Knhp0CJ/aVgl3bcqqO+FIaR24x67Bj0U16n5SYA2LgdBijav90flV2O15pUtr+n+Rw+g+Gb2wsn/sueykhkYFWZmIwqqvTHUkMT7kVv6fpV6sLC/eCSXdwYlIG3A9e+c1tAAcAYFLWbppu55FeTq1XVk9WZMuhwT/AOtt4pP99Qf51B/wiunZz/Z1nn/riv8AhW7RUujB7ojlRkxaJBD/AKqCKP8A3VAqT+zP9kVpUGmqUUHKjN/sz/ZFH9mf7IrSoNP2aCyM3+zP9kUf2Z/sitKko9mg5UZ39mf7Io/sz/ZFaVFHs0FkZv8AZn+yKP7M/wBkVpUUezQcqK0C3dsAIp5FA7bsj8qvJql6q4ZImPqRUVAraFSpD4ZMOVH/2Q==', NULL),
(365, 141, '/9j/4AAQSkZJRgABAQEAYABgAAD//gA7Q1JFQVRPUjogZ2QtanBlZyB2MS4wICh1c2luZyBJSkcgSlBFRyB2NjIpLCBxdWFsaXR5ID0gODIK/9sAQwAGBAQFBAQGBQUFBgYGBwkOCQkICAkSDQ0KDhUSFhYVEhQUFxohHBcYHxkUFB0nHR8iIyUlJRYcKSwoJCshJCUk/9sAQwEGBgYJCAkRCQkRJBgUGCQkJCQkJCQkJCQkJCQkJCQkJCQkJCQkJCQkJCQkJCQkJCQkJCQkJCQkJCQkJCQkJCQk/8AAEQgA2gEsAwEiAAIRAQMRAf/EAB8AAAEFAQEBAQEBAAAAAAAAAAABAgMEBQYHCAkKC//EALUQAAIBAwMCBAMFBQQEAAABfQECAwAEEQUSITFBBhNRYQcicRQygZGhCCNCscEVUtHwJDNicoIJChYXGBkaJSYnKCkqNDU2Nzg5OkNERUZHSElKU1RVVldYWVpjZGVmZ2hpanN0dXZ3eHl6g4SFhoeIiYqSk5SVlpeYmZqio6Slpqeoqaqys7S1tre4ubrCw8TFxsfIycrS09TV1tfY2drh4uPk5ebn6Onq8fLz9PX29/j5+v/EAB8BAAMBAQEBAQEBAQEAAAAAAAABAgMEBQYHCAkKC//EALURAAIBAgQEAwQHBQQEAAECdwABAgMRBAUhMQYSQVEHYXETIjKBCBRCkaGxwQkjM1LwFWJy0QoWJDThJfEXGBkaJicoKSo1Njc4OTpDREVGR0hJSlNUVVZXWFlaY2RlZmdoaWpzdHV2d3h5eoKDhIWGh4iJipKTlJWWl5iZmqKjpKWmp6ipqrKztLW2t7i5usLDxMXGx8jJytLT1NXW19jZ2uLj5OXm5+jp6vLz9PX29/j5+v/aAAwDAQACEQMRAD8A+qaKM0UAFFFFABRijNFABiiiigAxRijNFABijFGaM0AGKMUUUAFGKKKADFGKKM0AGKMUUUAFGKM0UAFFGaKACiiigAxRiiigAxRRRmgAxRRRQAUUUUAFGKKKADFGKKKACkpaKACiiigAooooASloooAKSlooAKKKKACiiigAooooAKKKKAEpaKKAEopaKACiiigAooooAKKKKACiiigBKWiigAooooAKKKKACiiigAooooAKKKKACiiigAopKWgAooooAKKSloAKKp6neNaWsjRANPsYxof+WjAZ2j3NS2t3DdwrLDIrowyCKXMr2AnpruEUsxwAMmlJ4rC07XPtOo3mi3yql3B90g4E8ZGQw9DzyKmU0rLuJuxoaVrem65C82m3sF3GjlGaJshWHY+9TzX1tbzJDNPFFJJ9xXYAv9M9eteT/AuGKz1jxXbiR2fz4m+ZyflG8Djt0/lXeeK9Q054LvR9SizHcWUsgZgCrAA5A9xwaypVuempsSelzo85orG8H3FxdeF9LlunaSc2yb3bqxAwSfc9a2a3i7q5QUUUUwCiiigAooooAKKKKACiiigAooooAKKKKACiiigAooooAKKKKACiiigAooooAKKKKACiiigAoopGIUEnoKAI7i2juojHKMqeeDgg9iCOhrz7xalpoEsl7HrlrbzAZMcjtHIx65Jj/qvPc1z/AMRfi+6XEulaBLtVCVlul6k9wvt715Lc6hJeSF55HlYnJLHOa8TH5jSh7sVdn2GU8IVsXFVa75Yvp1/4B6pZfHHyT5M13BkNjN2MD/vtcD86p6949kvL6DXbWSAXMIGw2xLK+M4Ge+ckfSvO4dTeBcIibfQjiquq3iajZyQ21nBbXL4/0mFdjde+PvfjXnRzJzXLNnfjOCJW/wBml950HhL4iy+GfEl/d2bJcHUEVUiKkmR8g9ucjJ7cc1sa98S9Z1bUYDrFoltFHMsKxwj+FyQxyev3f/HelcZ4R8H6mbeVU16MPI28b7NJSD7HIx9K6ObwJ4m1a9txetbz29ud6yJEYizdASNx6c+3JrojUkoWg7o+f/1dxEZ+yrNRS63X9P0PoDw/r+k3NrDa2knlCNFRI34OAMD61u5yK8w8MaC1papDdsWcDGTXWWuozaQ6RXUhltWOFkP3o/r6ivaoVm4rnVjlxuBhTm1Qd1/Wx0lFIrBhkEEGlrqPKCikd1jUuxCqBkkngCmxSpOgeN1dT0ZTkGgB9FYfiXxlpPhb7LHfzO11ev5drawrvmuG9FUdeo56VZ0nVJb5pY7qAWlwjZ+zs4Zwh6Mccc89CR2zxU8yvYV1exp0UUVQwooooAKKKKACiiigAooooAKKKKADNFFFABRRRQAZozSUUALmikpaACjNFJQAua4H4ueLj4f0JrS3k23N2CuR1VO/59PzrvTxXzj8ZdRk1DxNNgsUiPlqB0GOP/r1xZhX9lRbW57vDmBji8bGM9lqzz5pGlkPOcnJNaen6PJcx7ySBVbTrRpJVDDrXoWmadGlsgAGQK+ToUvattn67jcWsPBRicbNpDJ8pP59qo3Fk1vk9uteg3WmKQTgVymvxiBWOeemK2nhlFXOXC451JWMjT9bl06YMjHg816f4S+JEEu2C7IB6ZNeKXEuHPPekjvHifcrYxzxRQxE6T0OvMMpoYynaa17n1HLrVsY1lhcdO1VZNfhuYWjkbgjFeCWfjK8hh8szMR7mpo/GNwCR5hOe+a9J5gn0PkP9W5Qdr3PoDw7rWsappNxY6ReWUV9aE7DeQtKjrj5QdrqRg45547Vi+EfjVcLrU/hrx9pi6BrEL7FmTJtZvQhjnbnsSSD69q4vwB4mkhW/na6aBpImRJF6qxUgEfQ4NdF4k8bW3ivSbMHRNPuJJYVcT3Jy0bdyu0g8NngGuynjV7JSvqfI5tlM6WLdOFknrq0l57nsNzHb6nYyRFhJBPGVJRuqkdiP5ivLPgz4ntdD8K6/pGpXh/4pq9nSR5Dz5RZmB98sHArjdJ1vV/C9q1sNaEUY+4od8Scd1OdvTqOvr2rzuK4vrvxPrE8cE0ltfvvmSQHY53kgk9j8zdfU9aHjk3zJHgVZezbhe7XbVfeeu/CPTdV8f8Aj3UfiTr/AMsEe630y2LblgHTjtkKTkjqXPpXrXirZa6RcaopCT6fG1xG+cfdGSp9mxgj39hXgWleL28LRrHHqaWtqo3LbmVVI+nIzzk10+l/EK88eWM+l27mW1kwssxG4AZBI3cdfTn8KqjjU42adzrlgv3alTlzNronp87W0PbLaZbi3jmXO2RQ4z6EZqXNZukara3sKxQ/u3RQPKPUAenqK0a9KLTV0c8oSg+WS1FzRmkpaZIUUUUAGaM0UUAGaKKKACjNFFABRRRQAUUUUAFFFGaACiiigAooozQA1ulfPHju0LahcSFSWMjH9a+iG5FePeO9N8rUrgFf4yR9DzXnZnT56Nj6XhauqWKd+x5fZRmOZcjkGulXWEtlEagySY4UVlPblpisS7ucHFbFtpkFhAJrrDN1wa+ZouULpH6HjKtOVnLV9iub3Vb0Hy41iXtgA/qaqT6HcXJzcBJM99wP8qvXl/fNPFbwQLmXhWb7v0471Vt49anv5rLZGGhznGcdMnr7USqX+JtmNNyiuZWj1+RmXHgyynGHt3RsctEx/wDriuX17wjd6XC91aubm3X73y4dB7j0969A0i/a9jWQMVc5GM9cHBrUntRLH5qABgPmUdx9Ka2ujT6/WpT5ZM8EF5tPWrNrfb5AmASaX4gaUNA1944V2W9wvnRAfwgnBH4EH8MVn6G/mTbifYV0SpJQ50d1HExqzSO10+/e2iAB+ntS3Go3hXy7eWWNGfzGQOwVj6lQcH8arW8Rd8DkV1Wk+HBdxB2Gc+3FedS9o5e4b46jhXG9eKa81c5O9jup13wXDwyEdCx2k/Sm6H4k8S2srwzi38jhRLs/eKB2BGB37g13E3hGMEA5IqKXwpDtG0MAB613QdeMWmfLSyLJ5VlVjC3lrb7jDF7ARtSCNF74HX6+td18Mb7SbC/lml8qKSVQmFGBx3+tcHqdmtgSFP4Vj/2lLC4ZGII9KwoVZUql3qfRYjLqeKw7pw0TPqW6lt2VLqxnRJo/mVl/lXRaDrMesWnmLgSodsijsa+V9I8f31mVjeYsvTk16N8MfHom8VLbsSqXK7GGe/rX0GGzCMpJbXPgc14arUaUp78utz3aikB4pc17B8SFFFFABRRRQAUUUUAFFFGaACiiigAooooASilooASloooAKSlooASvLvi5fQRXFva27Zu5l/eY/gXsfqf6V6fKwjQuxwoBJPpXg096dc1+71N1MgeVmQ9dq5wo/IV52ZVeWnyLdn0HDuH567rPaC+9vZEel2MOmwm4nP7wDP0rD8R3N1qtssWmI0sgflEYHaMenrWzqt2smo29iBnzcs3vgelPsPDWm2Lfa7dpN3KnJ+Xd/wDWr5mq21yx22PuKdVUmq9T4nt2KXhGzmudLa3uJm88MGGcq6EHp9K37jTH8+a7TClYyMKcEnrn61pabAY418xEMx+86jrV1IcqVI698V00cMuX3t2eXica5VXJHj3hdGsdceGWNlaQOoBHyhs5wPXivQIRkjPFF74WW41KG5VgPKffhRyTgjH61oLo8ifvZZAiL1HekqbpJpnXjcfSrNTvbQ8p+OegA6TZ6nDhhExXj0OOP8+leVaFLscZPevp/WLTTvEekz6RdxM9vJ/GDhl9xXkWufCL+y5zLpl++w/dSdf/AGZf8KuE06biy8sxLU4uas/0I9GlEhCnvxXp+kotvaIq9x1rxuGS70K6EV5EY2ByO4Yexr0TQ/EUV3AAjjIHI9Kww0VTm7nu5nCVWClDY6dpFbJNZ924WNyDTHvAEyD/APWrG1LVQkTkNkgZrrnNJHkUaMnKxzWv3J89g3riuamfk4q5fXTXErO2ck1mytngV50Vd3PraX7uCQ0SEHGcV2fw3LjxHaXA+6jcmuKjheSQAV6N4DtfLubZQPm3V2UIXqJnlZrWSw813R9V2knm28b/AN5Qf0qaqumjbYW4PXy1/lVqvrUfiElZsKSlooEJS0UUAFFFFABSUtFABRSUUALRRRQAUUUlAC0UUUAFFFITigDE8aXRtPC+pSqcHyGTPpu+X+teS6VBHFZkoOSegr1bxpAbvwzqMYGf3JfH+7839K8ns5lSDaOoavGzG/tFfsfX8PpfVppb836HH6tc3za6XtLaW4liBGEUttHc8V1WlGeEtBFFI0D4cu5HLccEYGD7VzdzdXNn4gmtYoZpoZcN5EZA8z/ePcV0EUUk91G1yiWDsRtjyMkfUV4FJ8rafc+uxivGKdrWOvskYKMLk+taGfk5wW+nSqNvIsQEYcM2McVbwETcxAJ/WvagtD5OrrIeFjRSSMEDr71y/iXxLa6dGFundVPRUUt+OB2rpGIK45zXL+LNCN+scql1MeR8mMkHsfas60dLo6MFCn7Ve0M+z1S3uIllt3Do3Qg1ba4ilTbIAynsea5QeFlsblRZXLWcbHMryMdrZ9B2NMOqrY6p9lW8NzgjJ25BHrkVwuqr8rPeeHjN/u2P8VeG4bmExON0T8xsByh9a8xtr650PUXt5CQ8TYPow/8A1V7YrLe2k0IO4oNwrxr4jQra6pbXKjHmoVPvtP8A9eiMU5cvc7sFiZRi4z6HTQ+IftUG5c571n3N3JKGAJ5rnNJ1bYoU1rrcq/OcZqZQlszuXJF3iiKS1ZiWzwaaliM81cU7ulTwW7SHoaI0wniHYgtrJQ3Ar0z4b6O1xfxtt4BAHFcnpWkvLMBg9a9w8EaINLslmZNrMPlB/nXq4KheV2fI8QZkoUnBPVndRShVVR0AwKnSXNZUcpz1q5E+a90/Oi8DkUtRxmpKACiiigAooooAKKKKACiiigAooooAKKKKAEpaKKACkbpS0jdKAKs6LIjI4DKwIIPcV4xq+ltoWsz2EjHZndEx/jQ/dP17H3Fe1SCuU8b+HP7d08SQYW+tstC3971U+xrkxuH9rC8d0e1kuOWGr8s37stH5dmeK+K47nTrm01O1LB4jtdsE8def1FXbC8u9V2zQLLLI/DTOuAv0z36itGC6hud1vOhilUlWR/Udq1IJILWJmAwFXk+wr5v2Wraeh97VxFqag43kuvkV5bgaHZPKW3zEdSelW/D+qSalp0d3IpQScqCeorn5bWPXZJbi8lZLaPBIRsEg9qWz1O3uSv2V2MSt5caoMDg44/z2oWI5Z27I5atCLhZ/F1fbyO+B5VQcgjqKZNLFGCsp7dPWuQttdeTVJNOF60ciR79rL1yTjn6Y/OobLxOmqsVQSSyWpZXLfKSS2OntW6xkHotzzvqckx/iCeGcyrPZzyWYGS8OCU98dfxrg9R0/RLK4txZ3NzM7kf8fAVkZW49Bj/AD9a6Dxhrc+iS2upaS5zIjRzwnlBnvjsap6NosutfZpZD5iRZMYaILlj698DtXJKLlN6anu4NOnTVSTtH+tzS0gfZLOQttQKCoxxXlXxXucXlhGAdqq7E/Uj/CvVPEN5b6baNCzKiRjfO3vj/wDXXgPiTUbnXNSmuSrBGbCL/dUdBXRhKV6nkjnxmKVOm5LeX5DLG5GR81dBa3RIHNcnZ6VfSOPJVvyrpbHQNbZRiMH6qa7p4Vyd0Y0s6jGNpo6C0kzjJrotMgErIB37Vzdh4X1+VgCFQey16d4G8MXNhIss43Sf3iOR9KdPAyvqc+Mz6moPk3Ow8H+DliVLq8QgfeVCME/Wu8QcAAYA4HtVHS4pBGFbOPU1sRWx9K9enTUVZHwuKxE68+ebEhQ1diXpRHDgdKsRx1qcw+MVJSAACloAKKKKACiiigAooooAKKKKACiiigAooo5oAKKKKACiiigCKRc1TnQgVoEZqOSIMKLlJnmnjfwZHqDf2laxf6QnMiLx5g9fqK5VJDLD9nlXHHPvXs9xa7s1xniLwkJpGuLVdsh5ZR0J9a8zF4PmvOC9T6nK84tFUK70Wz7eR5dqfhy6eF47K6kRWOTEx46ev9Kj0vQtU01UkS4g/djGwA/zrqpra4tpCsqEP0+amfagilZIzge3WvF+rqMm9j6r61OcbKzRwMWk+IbnXJ7xi0Esnyl/4cYwPrwBT7LwdrVnfySw34/enLMBnPqa7ZtWs433bO2celVZdfnKH7La4wc7iOBWaowg731N/rFaWkYJIoWfhdUUnULoybWziYjGcdQKmn1y306CSO2G0qp3SscYA7+wrD1jxE0r/vpGuZF+7FAM4+p6CuU1Kz1rX38to2htc5EKA4P+8e5ranSqTfuqy7nHXxNOC/ey5n2Wxm+K/E8muz/ZbVibVWyz/wDPVv8A4kdvz9KZouipeOoePNdJpHw7upWXMJ/KvRPDnw6NttZo+fpXr4fD8qUUj5jG45TblJ6mDoHgq1VVbyhn3FdlZeE4ABiNfyrp7DwwYlA21sQaOU6rXpRgkeBUxEpPc5y08MwqRhB+Vb9hoiRYwgFasFjtxxV+O3C1ZzuTe5WgswgHFXYoflqRY8AVIFxSJGLHipOlFFABRRRQAUUUUAFFFFABRRRQAUUUZoAKKKKACiiigAoozRQAUUUUAHFFGaKAGlAaiktlfqKnozQNNoybnQre5+8gP4VlT+C4JOgH4gGuroqJU4y3RtTxVWHwyscLL8PlYnayr9EFVpPhbb3H/HxI8g9Gbj8q9DoqFh6a2Rs8wxDVnJnB2/ws0uHH7lfyq/D8P9Nh6Qr+VdbRVqEV0MJYipLdmFb+F7ODG2NR+FaEWmQxDhR+VXaKuxk5N7kQt0H8IpfJX0qSigRGIwO1PCgUtFABRRRQAUUUUAFFFFABRRRQAUUUUAFFFFABRRRQAUUUUAFFFFAB+FFFFABR+FFFABRRRQAUUUUAFFFRzzR20Mk80ixxRqXd2OAoHUk+lAElH4VwVl8Y9BvdYXTlSfEtwLeGdQGSQk4B65A5Hr1rtr29ttOtZLq7njggiG55JGwqj3NY0sRTqpuDvYmM4y1TJ6K4TT/jH4Yv9Vksmuvs8I/1dzMdqOe/+77E/pXbxTRzwrLE6vG6hlZTkMD0INOlXp1Vem7hGalsx3mKGClhuPQZ5p1eQyaveaj8SUt0nZbiO7a3AhG1ljTkn5uvynPvzXrw6VhhMV7fm0tZ2FCfNcKKKK7Cwooqmbi4+2+V5Q8rON3OenWplKwFyj8KKKoA/Cij8aKACiiigAooooAKKKKAD8KKKPxoAKKKKACiijigAopCQOtRPcKvQFvpUuSW4E1GaoyXFw/CAJ+pqq8M8n35HP41lKulsK5sZFMkljiQvI6oijJZjgAV5r4w8fab4aZ7SAi91AcGNW+WM/7R9fYc/SvKtZ8W6rrzk3t5I0eflhU4jX6L/XrXlYrPKdH3UrszdVI931T4m+GtMJQXpu5B/DbLvH/fXT9a5u6+NcOcWuksw9ZZsfoAf514x9oPqaX7QfU14FbPcZN+61H0X+dyfbI9cm+NV22PJ0u3T13yFv5YqH/hdGqY4sbHP0b/ABryuN5JXCRqzueAqjJNbln4R1q7UOYBbqennNg/kMmsFmeOm9Jv8Bqq3sd3H8ab8H95p1ow/wBlmH9TWD4s/ab0bRs6TrPh6e4S8gPmLBMMeW2VPUDrzWFP4bSzuGh1DULuPZGZWNtbgBUGMks27IGR0ArWT4ZeH5JEuLjTEvpVHyvekzEfQPkD8AK78Lj8TGV602120/yBT5rpM8t8O3mm3y6da33iK1trKS4a4jvIY8zqi7cxleCGOODk429817d8S/G/hTxXoVjBbyX2oIl1ukihs7kkjypACdoGRu296jg8PW1jEVgt4reNR0jQKAPwpbawjvLeO4hy0Uqh0OCMg8g4NVHGuMJU4x0l94o01H3TzDVLbRv7NvzYaDqpuvMH2UfY7oZXcufvHA43da9t+EfijSLfwTZJfSJo1yxctZXk7AwfMcKDJjjAB445rn72w+ywmTbz7iuWk8QPBfrBIkWxg38JBBA471eCrzotyhG/qz0MHlVbEXlRS0PVNE8O+H9Z+IepeKbK8SeSzZbcRxSK0XnGJS0nH8WxkXg44Peu+yK8E8Nn+27Xz5kj89Tu2ohGxSSF5Pc7T+ldVZ3ms2GBBqN1tH8EjeYPphs4/DFejTzaEG4yhb0Mq2Hlh6kqU1qj09pkXvn6Vj6r4u0rSMi6vbeFh/C7jd/3yMmvLdVuvE3iGHz4NZlntnziNP3IIBIxgYz071yd1pGoWhJntJl9W25H5jiuLF5/UjpTp/NmUlKLs1ZnqGpfGGwhytnFNct2IUIv5nJ/SuYvvixrlwT9lEVqD35dv14/SuKorw62cYurvO3oRc6CTx/4olbc2s3IP+zhR+gqW3+I/iq3II1aRx6SRo38xXNd6tW+lX91/qbSZx67SB+dc0cXib6Tl97Hdna2Pxl1qAgXdpZ3SjuoMbH8eR+ldPpnxk0W5wt9bXNkx6tjzEH4jn9K8zh8IarL9+OOL/ffP8s1ci8ET9ZbkD2VM/rmvSoZpmEOt15/1caue3aZ4i0nWVzYahb3B67Vcbh9V6j8q0c5rwqLwbDEwYS3G4cghgMfpXT6XqWtaVH5UV/PKmOBcHzMfQnmvcw+dyeleFvT/L/gjPTqK4JPFmuL1MDfWP8AwNWofGmorjzrOB/90lf8a7o5th3vdfIZ2dFc3b+NIHwJ7OaP3Uhh/StW01ywvCFjuFDH+FxtP611U8ZRqaRkgL9FGQaK6QM7+1m/55D86Bqzd4h+dUKK+f8Arlb+Y05UaI1UfxRkfQ09dThb7wdfwrLoq1jqy6hyo2FuYJOkg/HipdinnisI1LbOyyqAzAZ6A10UcZzytKJLia7BEUsxAAGST2rxn4j/ABhDNLpHhubCDKzXy9/URn/2b8vWus+NlxNb+BJzDLJGXmjRtjEblJ5Bx1B9K+b64s4xcqTVKGl+pxYmq4+6iwblmJJOSeST3pY5HlcIis7McBVGSahtwGnjBAILDINfR/hLTLGz0i3ltrK2gkdPmeOJVLfUgc187Soqbsc9GDqO1zx3SPh54m1fay2DWsR/5aXR8sfl979K7TSfg7bQ7X1O8kuW7xxDYn59T+leldqK744Kmt9T0IYaC31MKw8LWOlpss7OGAdCVXk/U9TVv+zP9kVpUCt1SitjdRS2OO1Xwbc6leXUjPD5M4ghCkkEQq5eQdOrHj6Vkp8PdbVBEL62jURgiRXfcjhH2gDH3Q8mc5zgDjivRzRUvDxepzywlOT5meYp4F1a+luzElvp6RnyIvmkJ4jIJUkcqWkY57lR61Yb4daik0SwyWhtEn8wRPI48tRIDheOpRVB/H1zXo1FL6tEhYGkeaN8M9SMkMn2m2LqUaRi7/MwVi5xjuzfkPwrK1bwHvtpLZ7+wh1CKZpWZi4Aj2A7R8vJ717B3ppRSSdoyfatacFDRHsZbipYG6o+p5X/AMIvDbRebDq1ivBiysjASKPKUIcDpsVs47vSp4adAif2lYJd23KqjvhSGkduMeuwY9FNep+UmANi4HQYo2r/AHR+VXY7XmlS2v6f5HD6D4ZvbCyf+y57KSGRgVZmYjCqq9MdSQxPuRW/p+lXqwsL94JJd3BiUgbcD175zW0ABwBgUtZumm7nkV5OrVdWT1Zky6HBP/rbeKT/AH1B/nUH/CK6dnP9nWef+uK/4Vu0VLowe6I5UZMWiQQ/6qCKP/dUCpP7M/2RWlQaapRQcqM3+zP9kUf2Z/sitKg0/ZoLIzf7M/2RR/Zn+yK0qSj2aDlRnf2Z/sij+zP9kVpUUezQWRm/2Z/sij+zP9kVpUUezQcqK0C3dsAIp5FA7bsj8qvJql6q4ZImPqRUVAraFSpD4ZMOVH//2Q==', NULL);
INSERT INTO `anh_sp` (`ID_ANHSP`, `MA_SP`, `FILE_ANHSP`, `DANH_SO`) VALUES
(366, 142, '/9j/4AAQSkZJRgABAQEAYABgAAD//gA7Q1JFQVRPUjogZ2QtanBlZyB2MS4wICh1c2luZyBJSkcgSlBFRyB2NjIpLCBxdWFsaXR5ID0gODIK/9sAQwAGBAQFBAQGBQUFBgYGBwkOCQkICAkSDQ0KDhUSFhYVEhQUFxohHBcYHxkUFB0nHR8iIyUlJRYcKSwoJCshJCUk/9sAQwEGBgYJCAkRCQkRJBgUGCQkJCQkJCQkJCQkJCQkJCQkJCQkJCQkJCQkJCQkJCQkJCQkJCQkJCQkJCQkJCQkJCQk/8AAEQgA2gEsAwEiAAIRAQMRAf/EAB8AAAEFAQEBAQEBAAAAAAAAAAABAgMEBQYHCAkKC//EALUQAAIBAwMCBAMFBQQEAAABfQECAwAEEQUSITFBBhNRYQcicRQygZGhCCNCscEVUtHwJDNicoIJChYXGBkaJSYnKCkqNDU2Nzg5OkNERUZHSElKU1RVVldYWVpjZGVmZ2hpanN0dXZ3eHl6g4SFhoeIiYqSk5SVlpeYmZqio6Slpqeoqaqys7S1tre4ubrCw8TFxsfIycrS09TV1tfY2drh4uPk5ebn6Onq8fLz9PX29/j5+v/EAB8BAAMBAQEBAQEBAQEAAAAAAAABAgMEBQYHCAkKC//EALURAAIBAgQEAwQHBQQEAAECdwABAgMRBAUhMQYSQVEHYXETIjKBCBRCkaGxwQkjM1LwFWJy0QoWJDThJfEXGBkaJicoKSo1Njc4OTpDREVGR0hJSlNUVVZXWFlaY2RlZmdoaWpzdHV2d3h5eoKDhIWGh4iJipKTlJWWl5iZmqKjpKWmp6ipqrKztLW2t7i5usLDxMXGx8jJytLT1NXW19jZ2uLj5OXm5+jp6vLz9PX29/j5+v/aAAwDAQACEQMRAD8A+qaKM0UAFFFFABRijNFABiiiigAxRijNFABijFGaM0AGKMUUUAFGKKKADFczq3jKPT7mSBLYyFDgktjmumrzHxD+71i5LgECQnH4142d4qrh6ClSdnfc9DLqEKtRxqK5tR+PpJELi0UAdsk09vHTKARaq3rgkYrk4715FbZaRFOvJxTpNQlCmOS2jVWGMenvXyCz3F8t3V/8l/4B7jy2hf4PxO/0LxNFrMrQiBonAz1yK3MVwPgIE6lIeMeWf6V31faZPiamIwsalV3bPAx9GFKs4Q2CijNFeocQUUUUAGKMUUUAGKKKM0AGKKKKACiiigAoxRRQAYoxRRQAUlLRQAUUUUAFFFFACUtFFABSUtFABRRRQAUUUUAFFFFACVwWu6HcTajNKVcb2LAAA8fXNd9WNdXd4+pyxWUCzCNFDkuF2k5rjx2FpYmnyVVdHRhq8qMuaBxcOhzCMoYJW+jqP61PNoU1wQGiljIGTkqc/rXXoupFf3lqD9Jae76kh3R2kfTo0teVHIsIo8tnY7XmVW90YvhPRZtPvDOd7RlSuSAMH6Zrray9G1GS8luUnjEUqEfKDkY6f0rVr2MJh6dCmqdJWRwV6s6k+ae4UUUV0mIUUUUAFFFFABRRRQAlLRRQAUUUUAFFFFABRRRQAUUUUAFFFFABRRRQAUUlLQAUUUUAFFJS0AFFFFABRRRQBHcTpbQSTSHCIpZj7Csvw3G5t57qRmLXMhkIP8PYge2Qar+MLxo7OGxiP768kEYHtnn+g/Gtq1gFrbxwL0jULn1rK9527FWtH1CCVpXmBAwr7Vx3GB/XNLcOUjyvXcB+GadFH5akdcsW/M024UtEwHcGrewjn3k/srxNF/zwvEwM9mzz/SulrnfFMDSaYt3GMyWkgmHuv8Q/L+VbdnOLm1imBBDqDkVlSlq4sua0TJ6KKK3MwooooAKKKKACiiigAooooAKKKKACiiigAooooAKKKKACiiigAooooAKKKKACiiigAooooAKKKKACkNLVe/ufsdpJN1IHA9T2oA5sA6x4y3jmCwUj23f/AKz+ldPLL5UMkgBYqpOB39qxvD1lLp8Dn7PI0k7eY0hZdpz+Oe/pW2IV2kFR83LY71hRi0m3uy5tXsug4ZwM9aRulV2ifcxCyAk8FZOPyNPFuXjAkZw3s5/mMVq3dWII3jS4heJwDG6lSPboazfClxi0lsHbMlnIYj7gdDV2a3aAEwxs4xjAfkfmcViWq/2TqjXTh1MwxKGIJx68d65k2ppmqs0zq6KRSGAIOQaWusyCiiigAooooAKKKKACiiigAooooAKKKKACiiigAzRRRQAUUUUAGaM0lFAC5opKWgAozRSUALmikpaACjNFFABms7Xl36bJj+Eg/XmtGqOsgHTps+g/mKmbtFscdx9nd25toh5sanYPlLjI4qf7RF/z0T868ha/iTVp55Zpow6hAgyQeOMAc5q1oM7Wd5K0Yd1YHPmHnOc8V4tTOqdOmqjWjJtPnSto219x6qZo/wDnov50huIh/wAtU/76Fcd/akhH+rT8zTX1KQr0QfUGo/t+gdHsWdc91AOs0f8A30KwtXkjlm+R1bjqDmsWTUZsn5U/I1HFfSyTKrKmCQDgVjHPqFSSiuvkUqTR39quy2iXOcIB+lS5pkOBEmOmBin19IjmDNFFFMAozRRQAZozSUtABRRRQAZozRRQAZooooAKM0UUAFFFFABRRRQAUUUZoAKKKKACiijNABRRRQAUUUUAFUtXGdPm5xwP51dqnq4zp02PT+tRU+FjW55Q+mQX1zOksSyEqQpJwUzjkeh96vWipHIiqOclcAdqyPturW+pOkVorJn5mbBO3cc4AI7Yxx+dV47zWbeVxBbCafc20zMDnnsFIwMdjzxnJ5FfD18HOcVR5o2Wu/odHtWrJptK/fqbt/BK+pK3n3iJsG1I94Uvk4yQCMevpxVNrDWHilkWdlDscKzTErzyBwOOeKm1ViHaQiJZPs4Zy4j+UZAx8zA9ce3HWo5kR3VkhixPnEf7ollB5x83PIFddPCRSV0U5akE8F9HBOzPObhsRLt84oNqgZwT345HXk9auaRasuqoxlZsRKDuLncRgZyWI7emeetVv3UvlxxfZncqXVgsXzMMjPfglcZ7Y71e0WNTfIyIi/IDgKo4454QdeD1/lWkMKk0Fz1SLiJB14FPpkPESA/3RT6+rRyBRRRTAKKKKACijNGaACiiigAooooAKKKKACiijNABRRRQAUUUUAJRS0UAJS0UUAFJS0UAJS0UUAFFFFABVLVxnTpvoP51dqjrRI02Yj0H8xUz+FjW55DqFulxq10sqvsKbD8xUHK9M/j+tGmIulXaDK4b5Y1aTPGD0H+FWLmOwku5TdSXPDk4EMm0Y464wf8A9dWrf+xYGSRF5/hJib0z6elfE1cNjqr5VpG//Dd/yO6EKMXzNtsdf/2i2qgQDECxrISTJhsE5Hy8Z6cd+etUo9U1O2kndLW7kYAmMtFOVIJ43Ajrj07+gNX7x7C5uorhpwpVVIBg3Ejk8EjPeoxDpscjjeDIVLj/AEPO0Ywei89TxXvxhZGA3+2tTaGafyAiIi4iNuwkLEc4y/POfQjIqxp15ezamiTSAxmJWKqirtbAyPvk9T6cetQyWlgxK4mId9xVbEYJ56/u/r/k1b0uFIpGZWuixxkzJtB+gwKFBLoB6XDkQpn+6KkqO3OYI8/3R/KpK9hHOFFFFMAooooAKKKKACkpaKAEpaKKACiiigApKWigAopKKAFooooAKKKSgBaKKKACiikoAWiiigAooooAKoa4dumzY9v5ir9UNbQvpswHYA/kamfwsa3PJ5I/K1GVkZEkkl+UHYNzZ7ZAJ/Xr1rSmbVhlkiY8kbcIcDsfvfj171TuVm+1Tqss0fzMflWbHX/ZYjv2ApyvcFsfayrF22hmmHBIHcev4V57hc3sXGfVlA2o7bZCDmNMsueMfOMDH4+1PRtSQ5aOaUBhx+7Xd+p4H50xbDUgdrSDaXViRdN0GeB8v04zUb6Xq8i4+0opAOD9pkxk+oCjPU454wKXKBeee7IbbYnpkbpgMnjjjPv+VELXXnEyQxJGCcESFmI7dqpPpV/mT/SlIY5Cs8pA6/7Q9qn0/RnivEcyq5JKgBW6kjuzE+1HIhnpdscwRn1UfyqSmRJ5cSJ12gDNPr00cwUUUUAFFFFABRSUtABRRRQAUUUUAFFFFABRRRQAUUUUAFFFFABRRRQAlLRRQAUUUUAFFFFABRRRQAVU1Y4025PpGat1S1pgmlXTE4AjOambtFsa3PMb+U/bpU88ICwUFnG1TgdRvHHXtUy6TqIDBZoWUqAASowe5GYz/WortAzJILpkR0BbAfAYgAD5XH8jTlmuhAXS6mkIXOAXHP0KH+fpXEppq51ezlvYnisr2O4bdBazqQcK7qAvPB4iz+tWDBcgLs07TyT94FyMdeh2c9u1ULVdSkVM3hWWQsxVpQp9RjMXXHUe1JFJfosXm3cixeWWdllUsCDjABj5/E1EqsYq8mS01oxniaWS20G6cytZP5qL5lou5gNw7HGfSq/w1uFm1xkN7eXbFtxa6g8puNuOMDIGfTueao+KbOa48NXUIknnOI5nDIZTuLggBRjtT/hFbtpt/wCVLF5XmyhlzFs3ZAzx26D/ACBTw1ZVIc/QUj2+igUV6JzhRRRQAUUUUAFFFFABRRRQAUUUUAFFFFABRRRQAUUUUAFFFFABRRRzQAUUUUAFFFFABRRRQAUUUUAFZfidtug3p/6ZGtSsfxc/l+G79sZ/df1FY4j+FL0Y1ueS2Mf2KSdjdyBZnAVWcp5fHJzuGc5x36dKsw3MqP5iNMGJ2l4/M+6WzjPkt6jv29qrW0zOkWFBiYsjtkdRnj2Hy02LJiCOoVtzrtaNSWXPqR6Y56c18zRzWVKnGMoX+Z2TqKbvL+rGzf6lJNp0ALNFLHIoEnzZb5WBJJRRnvwO/pWLZaib1WdpCRDvGOmBnOfp1/OnLLBJbORamKWPO+Lap3DleTjp349utZWnyo2rAJEGt7iMsgYDAY8FTz6giuLGVXi589mla1rmM6i91I1r66lfS7p2uTbE4JfzNmPmX+IY7cZHrVn4fyA6tDtnkmBlXLNcSTAnjnL4/TIpLWSBrj9+HkiUNGUUlSejL0xWrpN1BF4lsora1MMTuilxg+Yc8ZPXjHTP8VelldaFOj7OUtW9hzZ6oOlLRRX05zhRRRQAUUUUAFFFFABRRRQAUUUUAFFFFABRRRQAUUgzjnrS5oAKKKKACiiigAoozRQAUUUUAHFFGaKACiijNABWH40yfDGoKsLzF49ojQ4LZI6VuVneICF0uZj0GCfzqJq8WgtfQ8Ptngs7lfNkuLJgHDRTxkDDc9R159u9Xd4ltI2imtfMDBSfOVcqc7upH1+n0r1KG10bU9Lj+3R2s6dPnwefSsa+8N+DLdSzwFTnG1GYEfh2rwauWRa3/r8SLVlommcFqFqZFjuLa5tvtceT/wAfCEnjjq2DzwfY/WiWyd7mwvFli85WAmHnIMKxy3Gex+vX0GK3J9D0JvmWzCq/Kl3lBI/P6VcsPDvht2WOa3lVnH3kkfH61zwwEU7J/j/wBuniN2l97/yOSiLJPPJJLBCpwUImDZILddpPbHarWnX0MOtWU0Ny0rxS5CpFneO2ScEHpzXZ2/hvwtC21bZWOf8AlqxYH+YqX7PaWcgSGGKJN2AEUAGuqlgIxkpaaDUKz3aSO5jcSIrjowyKdTIuI1HtT698YUUUUAFFFFABRRRQAUUUUAFFFFABRRRQAUUUUAFFFFABRRRQAUUUUAH4UUUUAFH4UUUAFFFFABRRRQAVBe2qXtrJbvkLIMZHap6a7rGpdmCqoySegFJ+YHE6z4d1pY9tsVmjxghG25H06Vzv9larbyBpLK4UqQeUbHWvQNG8Y6F4guGt9O1CKeZQW8vBViB3AI5FXNX1nT9CtGu9RuY7eEd3P3j6Adz7CvPnh6VRe0jPT8DWGJsvI84aG6mdnJZnPDZXOOnH/wBanul064Klz6eWP6V6Npmp2Wr2kd3YXEc8EgyGQ5/A+h9q5j4i+Kbnw9Daw2b+TLPufzMr91cZGD6lhWFajGlTdZzuipYuKV7HPxaTqd0NiWU5x907SAPzrqNK8MXZEZv2CKmDsU5LfjXQaXPLd6dbXE6qsssSuwXOASM9+fzq3XZQw0YrmvcmVZy2EAwMAdKWimyOI0ZznCjPFdhkOoqG1uRdIXCsuDjBqakmmroAo/CiimAfhRR+NFABRRRQAUUUUAFFFFAB+FFFH40AFFFFABRRxRxQAUUUZFABRUbzBeiljVeSa4bhAE9+prOVWKFcuZpMj2rJmglKs8srBQMks2ABXmHi74o29nI9noJSeVeGuzyin/ZH8X16fWuPEZhChHmmTKajueu32p2WlwGe9uobaIfxSuFH61yWofFvw5aErA1xeMO8UeF/NsV4PfaxealOZ7y6luJD/FI2cfT0qv8AaD6189iOIa8tKMUl56sz9uj2p/jXagNs0mUntmYDP14qv/wuxucaOn/f/wD+xrx+KSWZxHEryO3RVGSfwroNP8F63egPJELVD3lPzf8AfI5/PFcSzbHz2n+C/wAhxqt7HoSfGzkb9HXH+zcf/Y1y3xC/aI8LjTLzw5qdhqME1/asFkhKusROQrE5BwGGcAHpUH/Cv0hiMt9qUwjXlvLAjGPcnJ/LFTWPgbwzcstzBZWV9IoGJpj9odR2wz5IHXpXbh8wxSf7+V12sv8AIptv3Wct8JvEOnaZ4o07UNT8QWFmlraMJVti8pvPML7e3AA2kjGcgcc8b/xK1TRPEviGS4FxrN5CoiEP2eC4MSqSm/GIyAcbifpXSx6EsSBI41RR/CowKE0hJAWTawBKkg55BwRUyxUnS9io6XuSqSS5TkPhhqNvonxCjijTWLTTJYMvdXKyRw7gnKOHQZyxGDxjHBr1Dx3p+heO5dFsI9Zt1m+1M26CVWYxCNi64B74UZ6jPFczdaelpGXdM+3rWEddsWEiC3d5ElSERgj5i3SunDYuUKXs3TvH1Ouhl1arB+zjdH0BGoRAoJIAwMnNDTIvU/lXldit7aIkljfTxIRuXypDsI9cfdP5VR1+21/WXMba5M24Fvs7NsUj1wuOPwrtnnSUbxg7mVn2PR9V8a6LpBZbm/t0cdU37m/75GTXJal8ZbOPK2NpNOR/EwCKfzyf0rzm58L6vbE5snkH96L5s/gOaoyWV1CcS2s6H/ajIrw8Rn2LlpFcpF2djc/F3xBISLZbW2TsPL3EfieP0qCP4r+KUbJuoH9mgXH6YrlEtbiQ4SCVj6KhNW4fD2rTkbLC4Ge7rtH64rzv7QxkndTkGp2tl8adUjIF5p1pOvfyy0Z/XNdLpnxg0G7wt3HdWTHqWXev5rz+leaw+CNTkwZDDEPQkk/pV2LwIRjzbl2/3Vx/jXfQzPMIdbrz/q41c9q03XNM1dN1hfW9yO4jcEj6jqKvZzXiUHg63t3DoZw68hg5BH5YrpbPVNbsYRDHfzMg6eb+8P5tk17mHzptfvoW9CtT0iiuDj8Ta6h+aWKT/ejH9MVdg8YX6/6+zhk/3CV/xrsjm1B73XyA6+isO28WWspAmhmhJ7kbh+n+Fa8F1BcruhlRx/smuyliaVX4JXAlooorcAooooAyP7Rn/vD8qP7QuPVfyqtRXzn1ir/MzWyLP2+4/vj8hR/aFwP4gfwqtRS+sVf5mKyLY1OcfwofwqRdUz9+L8jVCirWLqr7QcqNWO/t34JKn/aFLe6hZ6dZS3t3cRQ20S7nkdsKorJrG8XW0F34dvkuIY5kWMuFkUMAwHB571sswlGLbimRNcsW0eXfEX4r3PimSTT9ML22lA4PZ7j3b0X0X8/QcLbR3N7KIraCWeQ9EjQsx/AV1vw106yvtQC3dnb3C56Sxhx+or3K3s7ayjEVrbw28f8AciQKPyFeDKMsVJzqPU86lB1nds8K0n4Y+KNU2s9mtjGf47ptp/75GW/Su10j4Nafb7X1O9mvHHVIx5af1J/MV6LRW0cHTj0udsMNCO+plWHhvTdLj8uytYbdeh2Lgn6nqfxq19gT2q3QK2VOK2N1FLYy9T0qW4065htHRLiSJkjZuArEYB/Cudfwdq1rcyT6fcwouVVYmldVKJsCA4Bxwhz67yK7Y0UOlFmVShGbuzhG8L6+LmG1F67AKWe6+0SAEAKqjGMbuWOO5GT6UsXgzXbcRJHfx+WZRLKouJF5JQuRgdz5vHA+YHrXdUVPsYmf1SHd/ecE3gjXHdWk1JZRsO5ZJ3Klii9iP728+wx71gN4EIv4LmLULaMCLEgbfkz4bDD5egJGPpXrlJjNawSirI9jAY2eDg6dPZnnbaLqNu3lQasqQQrIi5ll/d58wKMbcNjKHJP8HHvb03w/ff2ktxHqCzPGH2LJJIQY8vgNkc8uvX+5xXdY5optIupj5Si4239P8jJs7C+3t9s+y7McCENkH8at/YEq2KKj2aPMUUlYqfYE9aPsCVboo5EOxU+wJ7UfYE9qt0GjkQWKn2BPaj7AntVug0ciCxU+wJ7UfYE9qt0lHIgsVfsCe1KLFVOQcH1FWqKORBYdBc3MGAJyy+jc1bXVZAPmRT9OKpUV0QxFSCspDsi//arf88h+dH9qt/zyH51QoFa/Xa38wuVH/9k=', NULL),
(367, 143, '/9j/4AAQSkZJRgABAQEAYABgAAD//gA7Q1JFQVRPUjogZ2QtanBlZyB2MS4wICh1c2luZyBJSkcgSlBFRyB2NjIpLCBxdWFsaXR5ID0gODIK/9sAQwAGBAQFBAQGBQUFBgYGBwkOCQkICAkSDQ0KDhUSFhYVEhQUFxohHBcYHxkUFB0nHR8iIyUlJRYcKSwoJCshJCUk/9sAQwEGBgYJCAkRCQkRJBgUGCQkJCQkJCQkJCQkJCQkJCQkJCQkJCQkJCQkJCQkJCQkJCQkJCQkJCQkJCQkJCQkJCQk/8AAEQgA2gEsAwEiAAIRAQMRAf/EAB8AAAEFAQEBAQEBAAAAAAAAAAABAgMEBQYHCAkKC//EALUQAAIBAwMCBAMFBQQEAAABfQECAwAEEQUSITFBBhNRYQcicRQygZGhCCNCscEVUtHwJDNicoIJChYXGBkaJSYnKCkqNDU2Nzg5OkNERUZHSElKU1RVVldYWVpjZGVmZ2hpanN0dXZ3eHl6g4SFhoeIiYqSk5SVlpeYmZqio6Slpqeoqaqys7S1tre4ubrCw8TFxsfIycrS09TV1tfY2drh4uPk5ebn6Onq8fLz9PX29/j5+v/EAB8BAAMBAQEBAQEBAQEAAAAAAAABAgMEBQYHCAkKC//EALURAAIBAgQEAwQHBQQEAAECdwABAgMRBAUhMQYSQVEHYXETIjKBCBRCkaGxwQkjM1LwFWJy0QoWJDThJfEXGBkaJicoKSo1Njc4OTpDREVGR0hJSlNUVVZXWFlaY2RlZmdoaWpzdHV2d3h5eoKDhIWGh4iJipKTlJWWl5iZmqKjpKWmp6ipqrKztLW2t7i5usLDxMXGx8jJytLT1NXW19jZ2uLj5OXm5+jp6vLz9PX29/j5+v/aAAwDAQACEQMRAD8A+qaKM0UAFFFFABRijNFABiiiigAxRijNFABijFGaM0AGKMUUUAFGKKKADFGKKM0AGKMUUUAFGKM0UAFFGaKACiiigAxRiiigAxRRRmgAxRRRQAUUUUAFGKKKADFGKKKACkpaKACiiigAooooASloooAKSlooAKKKKACiiigAooooAKKKM0AJS0VRGqxrqTWEqFHKho2J4cf49aidSMLcz3E2XaKWirGFFFFABRRRQAUUUUAFFFFACUtFFABRRRQAUUUUAFFFFABRRRQAUUUUAFFFFABRSUtABRRRQAUUlLQAUVBd3SWcJlkDbAQCVGce9SRSpMiyRsrowyGByCKXMr2AfRRSUwGiVC5QOpYdQDyK4fxl4uubDU202ArHGqKzMf4iecZ7cVU8bGXT9fNxC7xvJGrgqcHjj+lcZ4gludXn+0PLvmJXcTxuAx6ewr5bMc496WGs4tO1/I5atZr3Uew+HvEtrr6SrCHjlhIDI/XBHDD2/wAKz/GKmGeyuUyrDcu4duhH9a898Pa1LoF/BekkomI5l7tGTz+R5FemeKVS60VLhGDKrpIrDkEHj+tdbrvFYKafxL/h7jjPng090aOj3pv7GOZsb+jY9RV2uc8H3CtFcW+750IbHsf/ANVdC7bVLdMDNelgazq4eM3vY3g7xuOorivCHijULowW2pOkrylj5m3aVzyq+9drV4XF08TDnphCakroKKKK6SgooooAKKKKACiiigAooooAKKKKACiiigAooooAKKKKACiiigAooooAKKiubqCzhaa4lSGJfvO7AAfiaitdVsb44tby3nPpHIGP6VLkk7XFdbFqiiiqGNdA6lWAIIwQa52Frzw3PMbhWn092Lh4xzEfcdvftW1falbaaqPdP5UbNt8wj5VPue341YVlkUFSGUjII5BFY1Kam007NEtX23K1lqlnqK7radJPYdfyq3XF6/4SurS5bUdEcKrHdLbZ24P95D29x+VVtL8c3VoFTUI/PQcb14Yf41xSzFUKns8SrX2fRmftbO0yT4oWebS0vgv+qcxsQOzcj9R+tebTTYz3Fes+ItX0zWPC18YpDNmPhFwHVsjBIPYHGa8Xa53r97NfLZ/CH1lVIO6kv+Ac2ItzXXU17S4iu8RS8FlIz/Suz0jUpv8AhG5dLklEghkXyyx+byien4HA+hFeeafKskwGdsnUe9dZpSM0p3AErgj3FYYfETpp22aa+8iDsek+HtNSwsg+B5swDO3t2H4f40niXVYtK0yZ3PzSI6oPVtpP9KTw7qy6hbPEV2S2xEbgnORjhvoefyNcH448SQ6rrAs7RxJFaowLDoXLYI/QD86+qr4qnh8CpUuq0/U7JzUYaFfSJ3Z43X7yuuDXrQ6V5N4ejBMecDdIvFegReI7a9199Gs2Mktsu+5cD5Y/Rc+v8q83huahTnzPdq34k0WktTaooor6s6AooooAKKKKACiiigAooooAKKKKACiiigAzRRRQAUUUUAGaM0lFAC5opKWgBksUc8bRyosiMMMrDII9xXMar4CsLkmbTibG4HK7PuZ+nb8K6qkrKrRhUVpq5MoRlujzpfEniHwnN9n1aMTwg4V3OQ4/2X6/nmug034gaReqwnkazdRkiXlT9GHWtrVdKtdYsntLuPfG/wCan1B7GvH/ABJ4U1TwxNu2mezZvlnUZAHow7GvKxUsThFzUnzR8+hy1HUo6rVGt8QPGVndhG0jUr9J0BjZUT9zMp6ghj1/CuO0H4geIPDm1rWf7TZBiDBKMqPUDuv4H8DTUs9PupsXkt2iNwTC6/L7gMOfpkfWuj074Y25sJ7nQ9WXVIHOWglQK6n069frivJoVMVXqOrzK/Zf5HMnUqS5ky1N8etPktXSfSbyJ8YPkzgsD6rwDXnLfE6dJXmmt1vICx+fHlSD2YYxn3A5qn4u8Pz2xxDazSkv5exOXjfOAPz9en83xfDrX5NNY3l9bwzKuV8v53b/AGWGMN+Y/Gs8binUsq01/XyJqTqS3Y3VPitp7WmDpUp3cNmXKr+IGf5Vl6d4gt9YnSKykkjnlbCROeHb0z2P161iJ4QvpzLMzRlCoMbwnIlz3weQPY1oeCvC8r6/DeyW0tgNOBurhzhoHVOcg5ypPHHP6VjUoUWnfdGV3J2bLtr4xht9Uis7pLuOUnoV4+uc8j3Feq6NrFvPbpMWIVBy7KVBHvmvEtItfEqX09y+qvYpK7O20As5J7AdPzrUa98UuzQyak1zbLjY2Ap99xxk/iTWcqNNK0H+P/AKVXl21PWZPE89nc6hPZ3kb2zxhWMTAlRj298/mag0nT4pdPubhZo3lEscIUNyQFJZiOo5IrM8E+GpZ7JNR1w28sXDRR+WBwP4mPGam1nxG2jyPFEYDYB/NGABtbuQRg5x+dYxfLF87vo7L1N1LS8zpYJJLDT5rpQVktwzjHXIUEVe+CdmraVfam87TT3MwRtxywCjPPfndXLS+J2vNNNtEkflXSf66NwxII7DtkfzrY+El4NM1SewJ/dXSAqT/Cy54P5n9K7Mr/dYmHNtr8my4TXtI22PXM0Ugpa+4PQCjNFJQAuaM1Th1WzuL17KKZZJkXcwXnAzirYIzjNTGcZaxdwFoooqgDNGaKKADNFFFABRmiigAooooAKKKKACiijNABSbgOpAqOaNWBZ5GVQOQG2iudv9Z8KW+/z7qCRl6hGZz+lc9evGkryaXq7Eylbc6bcDUclzDDzJKi/U15xrPjTRpwfsVre+Yowrbgi/1NYaeKpiCjmaMNwdrkg/hXjV+IaMJcsbS9H/AMA55YqKdkexQ3cFx/qpo3x2U5pbjyTA/n7PK2nfvxtx3zntXkUPiBYyuyU7ieH3YK/rTbzxhdtbDTrm+cRS8Dd8xI9264rD/WamvdnB3e3YX1uNthnirRtAW987RrqVQT+8hCZj/wCAseR+ornFur7SbtLrSb2a1ulOAyHIYf3WXow+ta1zHuiPzMeOoHFc/fPPZECztzPM3BctxH+PrXgzq1qlT2+kbdEebKTcuZaeh0F7r7SSfar9LUag6gztACqFh3wScHGM/Ssm+157lPLt5l3v/cYEqP6GsTU7GIrtGo25uCMlZMgE/rms3w/aXEWoTfanVkCfKUkDgnP5isaVB4it7Ss7sHOTeqOrtY/MCo3Oan16W20PQZ4/MSJ7geVlsDPdvrwMfjVnSLYFxJtOFGcY79q8x8W6n/wmXiYQ2v23bZsI4t8YMSjPzP14J/PAHpXu1YwceVlaWMjWPGX2K4MFtDhR96SQEAn2Hp71hX8t3qtr/aFvd3IUEiSIOzbD6jnp0+ldzdeH7PXIvs00USvsIjkUbWBA4ye/41j6V4dW1uorBA4klkERI5APOSfYc81z4avSUfdVpImDXTc7y48Y3ekeAdF1TUZ1hdbdYzblf9bjgcepAB/GuOf4qeHtctzDe6DcW0p5JhlDqx+hxUXjvQta8SaoJFdF061UQ20C7vljHAJ9zjJ/+tXKP4Umt28oKwmPORyMen+TWlClQknOo7yevobytuz1/wAGa7YaxILRGuLeNdu0yIuFzwBkE4rubW2Sw1Ftl0GZWyCCpH0Neb+A/Dk2meGJVNz5Uk0yyFsZyVyAD6jk8V0NtpNmsJnupNLLu2WlubGYM7E9yCuT+FeTimlO8HoOlJM9TsfGN/bvtFtPcx8fI6YYfRhwfpWld/EXTrK2aSS1uvOUZ8rAyfxzXmum6RfK6j+y9OePAAMUJH45Zif0rWuLCK2QG7nggz/C7AD8hjNa0c8xVFWUrrzO6M3Y7aH4h6ddWEN7b21zIkxKgbQCjjqrc8EVz+v+Nby+/wBFgkSyVuqKS8rD6DpWLokVlNpes20epLJFDNDOXtxhULblx8vsBUFxp7IdlvceTARkuxVMe+AK1x2cYqpFRUrKS9PIp3a0JrKN4H89ZZ0kzjezAZHcEA8fka6rwrq0NhcSC5v94nIGGHA9OcV57Fp1qJd6X93qD9ym1Yh+OOf1rY8PaPNql95Ec7bcgMEywT/eI/8ArV5mDxNWnXj7LVp6LXUmMrOyPZAcjIpar2Nu1paQwM4cxoF3YxnFWK/UINuKclZm4UUUVQBRRRQAUUUZoAKKKKACiiigBKKWigDM1/RIvEFgbOWaaFSwbdGcHI9fUe1clN8KI2VvJ1WRTjjdFn+Rr0CiuHE5bh8RLmqxu/mZzpQm7yR5Pd/C7XEH7i4s5h7uyn9R/WsPUfAviHT4nnntYkij53mZMH6c5Ne06pqMGk2M17cHEcS7jjqfQD3J4ryy41PWPGWohVibBP7qBT8qD1P9Sa8LG5bgsPZRT5nskzir0KcdFe5zGnaKs0x+2SomPuxKclj+FSav4bvNOvsXdlPDA4Bicodv0z6+1eo6Z4f0vwdajUdTcPPn5pihKxZ9ABx9TXNeNvi7apA9joUaXLMMPcTJlAP9lT1/Hj61xSyqnSTq4ipyvpHf+mQqMKcbzdmcXcWrpDsileMd9pwcVwOv65qmiagq6ZdvNuOGilO5f/rY9Riurt9Zk1KKS2mcrdNkpKqjbj/aAHGPWvPdRSV7uVEBJ/5aStnGP8P51xYaSc7PZHPKqnsV73UZb2YtIQZXxuKDOT7VueCbu20W9uW1S/ggjmUBDI4AVhyRk98HoKzdM0w6gZBa7kijOJZh94+w9B/n1xzfiaHF0trCC235VHYV6lCKcuUUInuFx4ssLrw1eXehTLeCBxHJKoIUE9QD3IBHPTmucLrHJ5+4sWO4MSSW/E1a+FOlRP8ADyWzbBMk8u846kgc/lj8qzJd1pF9ndP3sWYzn2OK5q1nVa6DqK1mi5C5XUopRu2Od49AfT862tE0V5ddu54o8oCxRmA6P/8AWyK53SwZG2Nkup3j+td94Uvkt7jbcYCOp+Y/wmvNqt06vKtmKm1zK5X1DT5zJ9nitgzAcseVX24rkNU0qfTbjzNSvLaGPnHmsEP/AAEBea0dT+OnhezldI4r+VnbJkEQC5/POPwrj9fvmv7k6tJNcNJO3ywOPlij7Y75PvXb9VmkufS50VXGx2+m3tvc2SC3lDoOFK9D+dM8Wz3oS1Es5eNIxsUfwj/OD+VZnhSH7XppjDbCjdPY8/41s6jaK+norfMFYj+VcNePJpbRHJrqjprW5m162ilfU9ZW2ZR/qRFBCDjpvzu4+tWj4NiWMzRWVvImcedc77hyf+BHH61zXhKWG1jnjnuIIQjKUMibmGc52/kK0NR1XSNpE+p3d2c52m7EY/BVIrh9peTVj06M1KKbNvR9FltdI15JZ3HnSW8YICQgYy2BywHB+tZfl6Usmyb7LKw73N2Zf04/nWlNc2ml6Haafb2Fikt6TfPb3sx+UsMJnhiTtHNZEen63PMJY9F0AJnloW34H4qK6cXZyjG9nFJdPX9TWStaI5bO2mlMtxr29QSfLjCqqD0AArf8Oa7YWd7bjT7ozFnAYKSNy+nSsaXR9bClvtFha8dOBUvgx77T7+4mM8SXIIAfbkSJ6YHfNZYecYTjJSs0+n+Wg4tRaSR7RbzC4gjlXIDqGwe2afUNk8strE8y7ZGUFhjHP0qev1SlLmgn5G4lLRRVgFFFFABSUtFABRSUUALRRRQAUUUlAC0ZxUNxOLdNxSR/aNSx/Sq5a4vlKiN7aE8Fm++R7AdPr1qJVEnbqK5z3iKC58UXy6ZbZW1gbdLJ2Lf/AFuePWnX93pfgDSgsKB7qUYQH70h9T6KK27m4j0a1EdtZTSkD5Y4UJyfc9q828QaTreuaobu6sZy2MKijCoo7AmvIxfNRTqQXNUf4HLV9y7SvJ/gctq+p6vrxYXt3cTrnO0vhB+HQVmW/h2fUJHjtgZiil5DkKkajuzHgV0l1o2qRKV/sy7IC8KsZIz+FUvFOpnSNMt9KtLeeyhkUS3TzIVa4fA9eiqeg9fpmvla1KWtSvfT1uzzpRespmLd6hZaZp/lW9sIx0kdBlpm+p/h9B+J7AcfKL/xdqqafZRhEIy7Hog7kmpbiS916UW9lFK5zliBwozjJ9BmvSNH8HWeg6UsO9jcNh5Zg2Czen09q54NU2qlTd7eRlCLm79Dn73TNO8LaKbS2IYRrmST++e5NeM39+Wu7y8KjO8xIPTuf5ivUPHcojQxo8jezN1PbivHb5PtF5aWW/YhYbz7s3X8sV6+W2q3mbJ+9Y95+CgNx4dlt5CdySLJtPoygfzU1z3ifVYX8eajo6YEsOxgD/FlAf610nw7P9mavDHGmBMnluOwBPH64ryv4jW92nxI1XUYCUYXP7tweQVUD+lTQUa1R3drp/oUrSjZnoOn2pidGxls5P0rooY1kVo3HyMCpA7g1l+Hre+n0uC8v7RraWRRlW6/XHUZ64NbFq/lnYx4HTNediqfvehz7bnjP/COxw+LY9HjtlWKBiXeR/NkcL3JPAH0A612uqaWby2DYG4DJ+X+tbqaHb22u3l+IF33GCH6lgQM8+mR09q1/JhhgMkqLtI4U9zXdVm6sYyv0/E0leWpyPhUrZXJtXI82WPd+XTP4ZrppFEtuyYyA3P5VxV/P/ZfiaG6bPlSyAFz9f8AA1163AKy7OBkf1rjxWsU2S3cfYyvZJIy6iLJZGCZXJdyOwA5PXtWl4Zs5dZ1x4dVFxeWMKq5jvodgkB6th13gKAx7ZxiqNpYTuIXWeaBt+7Mac7ceoPXnuB1q1dG/wBFa7uNL0wQ/aQEO3JJHdiepb/PejCYSrJ86g2l9x6eFjypcyN+5kg8Qm8nudIW1v4huJSUgzQjjIYHggYyM4NYlnBpEF9ve71ONzwI2ncx/iRgn8zWR4cu9cl8SxSXVpcRQypJFK0Yc5VkIwOcDt+NTRW+ugkS297CeRlZS3H/AAIGlXwOIn73Lr1N5q6UjoH0zzJPNRJ5VPAaOYlR+Ax+prq/AejWd1Jdtcxl5Y9qglmVgPThj7VxGkWWq284aN7lS3BMuSP5V2+nXVzp8tvI3zxo2WWD5Ax/2uP50sBhZ0K8aleF4ryv9/5ihbqj0FUCKFHQDApaZDJ5sSSbSu5QcN1H1p9fo6tbQ2CiiimAUUUUAFFFFABRRRQAUUUUAFFFFACUtFFACYoKg8YFLRQBm3sJj+ZeleZfE/w5eeIhbi10u4uHjUjzorhUHX7rKevqD7mvU9Rnjhi+dsfzrjNY8QW8O5PNGc48tDksfQ4rzswdN03Cb3/rqc9eKaszy7QPCtxpV3G95ElvHE28wswLMw6ZwSOPfmtzUNas4lbdOrkAnIGcewrQvtI1u9gaWGwdVY4Bcqpx/uk5/SuI8T266DEwvUunkPQRhVGfqST/AOO18hWyybfM07eZwez5FojmfExM8s11O21Oo9a84fTZLm4eYoQXbIHoO1d1FcT+Ib5xcD5UG5FC4AP9eM1pWvhnzZkTHy7uTV4ecsOuTqc1mmdH4G1L7T4nGn7BgWsVyH9CWII/lUiLpwTU/Flrp9rqcm2a6t3c5G5dxwBg4ORjPUVj6yg8GzS+KFnSNm0+SwgtyfmmlZgVIHouSSfYDvXMfC/Xbqxh1LSJCZbO5t5GwefLk2nkfXofwNbQpxUOdPb+mbxajuWfiF8UtUtdL0mHSnjtLzULdby6cDd5asAQOc+/4D3rrvC+sNrmj2epy28kIuU+66lc9tw9iRke1cn4O+GaeJNYk1TXi0ttZpHDb6enLXBjjUbmH9zI4Hf6dd9dP8YPr0uo3+nSw2YHkxWkSkrFEOnTgt7/AICt8ThlKko01qtW/wBDSpT5op9TpJGj3JvPAzz6CsfUdXe4m/d4WJDgD29adqZvbopb2lrcyyMATsibv26VreH/AIc6rqLiXU4XtoP7nR2+vpXHRo1ZpQhEwUJy91IxNL8MyeJpzG2BbI3zysM/gvv/ACrqLTwPdJqvlNl9PHzbyw3H/ZI9ff0ruNN8Lw2EaRxDy1UYCr2rZisEGMljivZpZLBxXtNXe52U8JFLXcw7PS1hAAjBHuKvDTg4+aPp2rZjtAvRTVqO2+b7or2Y0Vax2pGJa6YiOD5YHPpVldOVjkrk+4rYS2AJ4qZbcDtWipIqxlQ6fgjAA/Cr8FpgDNWljA7U/GKtQSBKwgGBilooqxhRRRQAUUUUAFFFFABRRRQAUUUUAFFFHNABRRRQBWu7+OyXdKkuzH3kQsB+VZ0uvvMMWlncuP75jOP0FbWKTFZyjJ7Ownc4vUNM1rV9xVGiBzgyED9M1l2Xg/xJaszxLZxOc/vGbc/59q9IxS1h9Sp35ne5m6SerPPJ/BXiS8H73VkXPXGaybr4Nm4Pm3t6Zj7CvWayPE969jpFzLEQsuwrGSOAxHBPtSqYelGLnJbEyoxSuzwbV9A0vR9VeDT5fMWJdrsvQtk5Gfyqxp0cakyEAY4UVLF4fmnceWTKM8lQcfma37HwNfXmNwKL0AHb8a+ThCpXqOUI7nnRhKTukeSfFloLu3tQkq+ZbPtwO5Ycj68D8jV34UeDX1DdM6FbdRl3x1JHAFetXPwd0a4Vf7SgM5UEqMkYJHUY710GheF4dH02G0hhMUKDCA9T7n3NelLL6rcKc9upqsNJyXNsR6bYwWqgQxJGBxhRV3ymPTpWlb6WCOmPpV6PTUXrzXvRpncoGRFbsQOtWktH961UtY06CpRGo7Vqo2LUTMSxPcVajswvarWPalqrDsRCBR2p4QDtTqKYxMCloooAKKKKACiiigAooooAKKKKACiiigAooozQAUUUUAFFFFABRRmigAooooAOKKM0UAFMlhjmUrIoYHqDT6M0AU10myQ5WFB+FWUiSMYVQKfRSUUthWQwxhjkjJoMSE5Kg0+imMQADoKWjNFABRRRQAUUUUAFFFFABRRRQAUUUUAFFFFABRRRQAUUUUAFFFFABRRRQAUUUUAFFFFAB+FFFFABR+FFFABRRRQAUUUUAFFFRzzR20Mk80ixxRqXd2OAoHUk+lAElH4VwVl8Y9BvdYXTlSfEtwLeGdQGSQk4B65A5Hr1rtr29ttOtZLq7njggiG55JGwqj3NY0sRTqpuDvYmM4y1TJ6K4TT/AIx+GL/VZLJrr7PCP9XczHajnv8A7vsT+ldvFNHPCssTq8bqGVlOQwPQg06VenVV6buEZqWzHeYoYKWG49BnmnV5DJq95qPxJS3SdluI7trcCEbWWNOSfm6/Kc+/NevDpWGExXt+bS1nYUJ81wooorsLCiiqZuLj7b5XlDys43c56damUrAXKPwooqgD8KKPxooAKKKKACiiigAooooAPwooo/GgAooooAKKKOKACikJA61E9wq9AW+lS5JbgTUZqjJcXD8IAn6mqrwzyffkc/jWUq6WwrmxkUySWOJC8jqiKMlmOABXmvjDx9pvhpntICL3UBwY1b5Yz/tH19hz9K8q1nxbquvOTe3kjR5+WFTiNfov9eteVis8p0fdSuzN1Uj3fVPib4a0wlBem7kH8Nsu8f8AfXT9a5u6+NcOcWuksw9ZZsfoAf514x9oPqaX7QfU14FbPcZN+61H0X+dyfbI9cm+NV22PJ0u3T13yFv5YqH/AIXRqmOLGxz9G/xryuN5JXCRqzueAqjJNbln4R1q7UOYBbqennNg/kMmsFmeOm9Jv8Bqq3sd3H8ab8H95p1ow/2WYf1NYPiz9pvRtGzpOs+Hp7hLyA+YsEwx5bZU9QOvNYU/htLO4aHUNQu49kZlY21uAFQYySzbsgZHQCtZPhl4fkkS4uNMS+lUfK96TMR9A+QPwArvwuPxMZXrTbXbT/IFPmukzy3w7eabfLp1rfeIrW2spLhriO8hjzOqLtzGV4IY44OTjb3zXt3xL8b+FPFehWMFvJfagiXW6SKGzuSSPKkAJ2gZG7b3qODw9bWMRWC3it41HSNAoA/CltrCO8t47iHLRSqHQ4IyDyDg1Uca4wlTjHSX3ijTUfdPMNUttG/s2/NhoOqm68wfZR9juhldy5+8cDjd1r234R+KNIt/BNkl9ImjXLFy1leTsDB8xwoMmOMAHjjmufvbD7LCZNvPuK5aTxA8F+sEiRbGDfwkEEDjvV4KvOi3KEb+rPQweVVsReVFLQ9U0Tw74f1n4h6l4psrxJ5LNltxHFIrRecYlLScfxbGReDjg9677IrwTw2f7btfPmSPz1O7aiEbFJIXk9ztP6V1VneazYYEGo3W0fwSN5g+mGzj8MV6NPNoQbjKFvQyrYeWHqSpTWqPT2mRe+fpWPqvi7StIyLq9t4WH8LuN3/fIya8t1W68TeIYfPg1mWe2fOI0/cggEjGBjPTvXJ3WkahaEme0mX1bbkfmOK4sXn9SOlOn82ZSUouzVmeoal8YbCHK2cU1y3YhQi/mcn9K5i++LGuXBP2URWoPfl2/Xj9K4qivDrZxi6u87ehFzoJPH/iiVtzazcg/wCzhR+gqW3+I/iq3II1aRx6SRo38xXNd6tW+lX91/qbSZx67SB+dc0cXib6Tl97Hdna2Pxl1qAgXdpZ3SjuoMbH8eR+ldPpnxk0W5wt9bXNkx6tjzEH4jn9K8zh8IarL9+OOL/ffP8ALNXIvBE/WW5A9lTP65r0qGaZhDrdef8AVxq57dpniLSdZXNhqFvcHrtVxuH1XqPyrRzmvCovBsMTBhLcbhyCGAx+ldPpepa1pUflRX88qY4FwfMx9Cea9zD53J6V4W9P8v8AgjPTqK4JPFmuL1MDfWP/AANWofGmorjzrOB/90lf8a7o5th3vdfIZ2dFc3b+NIHwJ7OaP3Uhh/StW01ywvCFjuFDH+FxtP611U8ZRqaRkgL9FGQaK6QM7+1m/wCeQ/Ogas3eIfnVCivn/rlb+Y05UaI1UfxRkfQ09dThb7wdfwrLoq1jqy6hyo2FuYJOkg/HipdinnisI1LbOyyqAzAZ6A10UcZzytKJLia7BEUsxAAGST2rxn4j/GEM0ukeG5sIMrNfL39RGf8A2b8vWus+NlxNb+BJzDLJGXmjRtjEblJ5Bx1B9K+b64s4xcqTVKGl+pxYmq4+6iwblmJJOSeST3pY5HlcIis7McBVGSahtwGnjBAILDINfR/hLTLGz0i3ltrK2gkdPmeOJVLfUgc187Soqbsc9GDqO1zx3SPh54m1fay2DWsR/wCWl0fLH5fe/Su00n4O20O19TvJLlu8cQ2J+fU/pXpXaiu+OCprfU9CGGgt9TCsPC1jpabLOzhgHQlV5P1PU1b/ALM/2RWlQK3VKK2N1FLY47VfBtzqV5dSM8PkziCEKSQRCrl5B06sePpWSnw91tUEQvraNRGCJFd9yOEfaAMfdDyZznOAOOK9HNFS8PF6nPLCU5PmZ5ingXVr6W7MSW+npGfIi+aQniMglSRypaRjnuVHrVhvh1qKTRLDJaG0SfzBE8jjy1EgOF46lFUH8fXNejUUvq0SFgaR5o3wz1IyQyfabYupRpGLv8zBWLnGO7N+Q/CsrVvAe+2ktnv7CHUIpmlZmLgCPYDtHy8nvXsHemlFJJ2jJ9q1pwUNEexluKlgbqj6nlf/AAi8NtF5sOrWK8GLKyMBIo8pQhwOmxWzju9Knhp0CJ/aVgl3bcqqO+FIaR24x67Bj0U16n5SYA2LgdBijav90flV2O15pUtr+n+Rw+g+Gb2wsn/sueykhkYFWZmIwqqvTHUkMT7kVv6fpV6sLC/eCSXdwYlIG3A9e+c1tAAcAYFLWbppu55FeTq1XVk9WZMuhwT/AOtt4pP99Qf51B/wiunZz/Z1nn/riv8AhW7RUujB7ojlRkxaJBD/AKqCKP8A3VAqT+zP9kVpUGmqUUHKjN/sz/ZFH9mf7IrSoNP2aCyM3+zP9kUf2Z/sitKko9mg5UZ39mf7Io/sz/ZFaVFHs0FkZv8AZn+yKP7M/wBkVpUUezQcqK0C3dsAIp5FA7bsj8qvJql6q4ZImPqRUVAraFSpD4ZMOVH/2Q==', NULL),
(368, 144, '/9j/4AAQSkZJRgABAQEAYABgAAD//gA7Q1JFQVRPUjogZ2QtanBlZyB2MS4wICh1c2luZyBJSkcgSlBFRyB2NjIpLCBxdWFsaXR5ID0gODIK/9sAQwAGBAQFBAQGBQUFBgYGBwkOCQkICAkSDQ0KDhUSFhYVEhQUFxohHBcYHxkUFB0nHR8iIyUlJRYcKSwoJCshJCUk/9sAQwEGBgYJCAkRCQkRJBgUGCQkJCQkJCQkJCQkJCQkJCQkJCQkJCQkJCQkJCQkJCQkJCQkJCQkJCQkJCQkJCQkJCQk/8AAEQgA2gEsAwEiAAIRAQMRAf/EAB8AAAEFAQEBAQEBAAAAAAAAAAABAgMEBQYHCAkKC//EALUQAAIBAwMCBAMFBQQEAAABfQECAwAEEQUSITFBBhNRYQcicRQygZGhCCNCscEVUtHwJDNicoIJChYXGBkaJSYnKCkqNDU2Nzg5OkNERUZHSElKU1RVVldYWVpjZGVmZ2hpanN0dXZ3eHl6g4SFhoeIiYqSk5SVlpeYmZqio6Slpqeoqaqys7S1tre4ubrCw8TFxsfIycrS09TV1tfY2drh4uPk5ebn6Onq8fLz9PX29/j5+v/EAB8BAAMBAQEBAQEBAQEAAAAAAAABAgMEBQYHCAkKC//EALURAAIBAgQEAwQHBQQEAAECdwABAgMRBAUhMQYSQVEHYXETIjKBCBRCkaGxwQkjM1LwFWJy0QoWJDThJfEXGBkaJicoKSo1Njc4OTpDREVGR0hJSlNUVVZXWFlaY2RlZmdoaWpzdHV2d3h5eoKDhIWGh4iJipKTlJWWl5iZmqKjpKWmp6ipqrKztLW2t7i5usLDxMXGx8jJytLT1NXW19jZ2uLj5OXm5+jp6vLz9PX29/j5+v/aAAwDAQACEQMRAD8A+qaKM0UAFFFFABRijNFABiiiigAxRijNFABijFGaM0AGKMUUUAFGKKKADFGKKM0AGKMUUUAFGKM0UAFFGaKACiiigAxRiiigAxRRRmgAxRRRQAUUUUAFGKKKADFGKKKACkpaKACiiigAooooASloooAKSlooAKKKKACiiigAooooAKKKKAEpaKKAEopaKACiiigAooooAKKKKACiiigBKWiigAooooAKKKKACiiigAooooAKKKKACiiigAopKWgAooooAKKSloAKKKKACiiigAooooAKKKKACiiigAooooAKKKKACiiigAooooAKKKKACiiigAooooAKKKKACiiigAooooAKKKKACiiigAqnq2pw6RYS3twcRxAZPOBk4ycdB6ntVyuC8TeJvDmp3cmmapfXelG2c+Xdt8kDnHJ3jgY5HJXvjrWdSfKvMGW/E3xHt9B0FtWtrCa/CEExxsACnOWDDIIHfvznGM1oeCfHWkePNITUdLmGeksDEeZC3ow/r3rza88MDTbC4jsLox2d2jCO8ssSWkuf78Y+Uc9dm0+zVwzaLeaDqnnaPeto2qsu5Raz5iuACCSvYjplSMjuOa5frTg/fWhm5NM+pKK8m8AfGlr+/j8PeMLZNN1ViFhuF4huj+P3WPpkg/pXqsku3gdTXWpxaui4u+xJRUG5jzmgSP60c6L5WT0VEJSOoFOEqn1FNSQrMfRSAg9KWqEFFFFABRRRQAUUUUAFFFFABRRRQAUUUUAFFFFABRRRQAUUUUAGaKKKACiiigAzRmkooAXNFJS0ABr59+IN14jufGt5d2ts9pYREwLFLEUS4AH3iW4OTnkdsV9BUmB6VlVp+0VhNXPmKIF4J4JrDVdJEpAkk0iY7X7htg4PI7ip30u5lh3Nq0Wqw53qt5btbzRn1BAGD9K+kJrG1uGDzW0MjDoXjBP61FcaPYXMZSS1j2n+6Np/Mc1yywbatchwufOd5bya3Ytpt/pq3BC/uLgSjfE3Y56/jXvnh+3kstEsbaeeS4migRWkkOWcgdT71XX4f+H0uUuvsZeVDuUu5Iz7jv8AjViWRlYjdt7VNOlKgrSdzejA0FkzTt1U4Zvl+Y5qTzh2NaqZpysslqTNQib1p6yqRVKSYrEgzmnB2Hemgil4q02Jj/NPpThKPeoSaAafOxcqLAdT3pc1XoBI6GqUyeUsZoqJZCOvNSBg3SrTTE1YWjNFFMQZozSUtABRRRQAZozRRQAZooooAKM0UUAFFFFABRRRQAUUUZoAKKKKACiiuY8WeMU8N3MEIhaYyLlwi5KgnAOMjPfgZPtUymoq7A6eivFJfin4o0XxVcK0SaxpUwEi2vl+RcWoYnAAYAsB7jn2pfEvxjur7TSmiX6aPqtu6uYL23x5y5wV5yMd8g9j+GP1mn3J5ke1Vn3+nGbMkWN3ceted6D8dbBUhg8WWE+j3B4a5VfMtmPqGXJAPuMD1r0i21S0v7aO5sriG5glG5JYnDIw9iOtW5QqR30LhPW8TGEjRMVfgqcEHtUouYz3wa0mtYJZDI8KFmxkkdcUNYWrf8sIv++RXG6Mvss6VUXVFNZQ3cGn8EggmpG0m3ByishPdWNRtpkq/wCruT9GXP8ALFLkmt0PmiyZSQBzTvMNVfst4v8AHE34kf0pypdr96IH6MKtSkuhPKu5a3+tKGFViZh1hcfTmm+eU++jj6qafP3FylwPShqp/a4j/EKX7QOxqlUXcORlzcKVWqkbj3pVkd+FH40/aK4uQ0BJjrzT1IYZB4NVI4i52tJgjsKtIoRQo6CuiLb3MpJdB1FGaM1ZIUUUUAFFFFABRRRQAUUUZoAKKKKACiiigBKKWigBKWiigArx3x149vtA8S3WjS3ltcIyiUJc2XnRQqei5UqwOOeSetexVi3Xg/QdQvpL650+OW5kI3yFmycDA6H0FZVYOStFiZ4NrHiS3vrN2Z7GKzVAyLazF5gxJH7tZFyM/wCywIwefTOt9SS4tTBJfafecb411CF4WT/exuHcc4B96+iZvBfh+4iMUml27ISGI5GSPoaWLwXoEAATTIMA5GcnH5muR4OTd2yeQ8CWK5bM5t7AwtwYra6SaFx7qQMH3GM9xXTfCq1+xeKJPsMT2dk9s8k1oJt8ayblAZR/CSPzx7V7FLolg1u0SWcCj/ZQD9axEit9Od444IoC39xAuT74rOVB0pc19zWjS1ujcWYHp0p6yZrC/tDyyM9zircd6GxzW8aiZs4NGqHzS7hVAXQ9aeLjPetOZEWLnFHFVfP96PtGO9PmQWLeaMiqn2j3pRcCjmQWJJrS3uARLEje+Ofzqk+hRKcwyzL/ALJckVaFwKU3Ax1qJQhLdFRlKOzKqWJj6kn6mrCQ445HvTTeqOBgmopXmk+eLCSdOTwRWajBbFNye5cCKAOvHfPNSrKQACM1SiaYKd77m+mBUqEtySa2jU7GbiWxIp74+tOqsMU5ZCpwDkelaqp3IcSxSUiOHHH406tCRKWiigAooooAKSlooAKKSigBaKKKACiikoAWjpRVLWXvY9LuW05Q13sIiyAQG7HGRnHXGaTdgOG8Q+PLyw1yWC0iluIA/l/uWVXQjg/LJ8r854U7j6V5l4gvtc0rxoda8M6pdQXk6efPY3yNFvyTldj/AMPt2zwR266b4i3Ooq9rfaNoutPGxjlNvcm3mQ/7rBsH/gQrB1zxFZxJHbv4f125tMMQl1ZrMIGzxtZG+XPXcu3pXmTqN6qX9ehnI6jQf2gdPEqWvizTZ9FlIA+0KDJCW75xyoz9R716pY39pqdrHd2VxFc28o3JLEwZWHsRXzJHd2VyGS6dLyyY/wCquozHLGPQMRhsfn6k1s+ApH8M+JLQeFtYf+zbyQrd6fOCyR8H5l9DnA/GtKONu+WYU5Nux9ByzrHx3JwKz7q3W5kLMq5HpUN5eOgUxIWcdB7mrcJOwF/vHritJT9o+U64x5dTFu9JlB3Qvj0BGRVYW+ox/wAMTfTIrpeGo2LWXsFe6Zp7Z7NHOeZqCHm1U/ST/wCtT1u7sdbR/wAGBreMYPal8tPQUKlLuHtF2MUXdx/z7S/p/jSm8n/59Zf0/wAa2PLX0pwRR2FV7OXcXOuxhtdXgHy2bn/gQFMN9fg4Ont9RID/AErfKKfSgIue1Q6Uv5hqpH+Uwo7y9Y4NuyfXmrMZlbmQOfwrXEajsKUKvpQqEushuquiM5NoOSCPwqYSL2NXdi+1NMSHqorRUmtmQ5plbzKRZasG2jz0/CnC3hzyh/OmoS7i5l2K3nVLDHLLz0HqatRwQryqL9akraNJ/aZm59hkUKxZx1bqfWpKKK2SsZhRRRTAKKKKACiiigAooooAKKKKACiiigBKhv455bKeO2dUnaNljZuisRwT+NT0UAeH23wAvo2LS3tsWcgu6TurE/XZzW1pvwc1KwZAniG6gRRj93Oxzz1OV5PavVqKw+rQ7E8qPP7v4YyzRAHUnuJO7SYTP5KaNF+GTaZc/arq9Eqx4dIkX+IMGBJwM9PSvQKKX1Wne9ikrO6Oce7BLDH3eOtSJd8Dmp9Q0UyuZbdtrHqtZ7WlxFgNG4x3IrnlGcWdKcWi4t3k9akW6U/xVmKkinkHP0qQK3oaSlIfKi/9oB6GhLtScZ5qiPMzkKx9gKVYXJ3bWGe1PmkKyNATg96RpwO9VAjg5waMOeqk/hVXYrIvCcbaBMAaphJj0R/yqRba5b/lm3409WGhaFwv40vnioPsNyBkKPzpPsF03UAfjT97sLTuTG4HtSfaPemDTJz1ZfzqRdKc43SgD2FPlm+grxD7UPUU4XQHepE0yNfvMzfpUy2cC9Ix+NWqchcyKv2xV71PbXRmcrsbAH3scVMIYwchEH4U/GKuMJJ7kuSfQKKKK1ICiiigAooooAKKKKACiiigAooooAKKKOaACiiigAooooAKKKKACjFFFABgUmB6UtFABgUUUUAGKMUUc0AGKMUUUAFGKOaKADFFFFABRRRQAUUUUAFFFFABRRRQAUUUUAFFFFABRRRmgAooooAKKKKACijNFABRRRQAcUUZooAKKKM0AFFFFABRRRQAUUZooAKKKKACiiigAooooAKKKKACiiigAooooAKKKKACiiigAooooAKKKKACiiigAooooAPwooooAKPwoooAKKKKACiiigAooqOeaO2hknmkWOKNS7uxwFA6kn0oAko/CuCsvjHoN7rC6cqT4luBbwzqAySEnAPXIHI9etdte3ttp1rJdXc8cEEQ3PJI2FUe5rGliKdVNwd7ExnGWqZPRXCaf8Y/DF/qslk119nhH+ruZjtRz3/3fYn9K7eKaOeFZYnV43UMrKchgehBp0q9Oqr03cIzUtmO8xQwUsNx6DPNOryGTV7zUfiSluk7LcR3bW4EI2ssack/N1+U59+a9eHSsMJivb82lrOwoT5rhRRRXYWFFFUzcXH23yvKHlZxu5z061MpWAuUfhRRVAH4UUfjRQAUUUUAFFFFABRRRQAfhRRR+NABRRRQAUUUcUAFFISB1qJ7hV6At9KlyS3AmozVGS4uH4QBP1NVXhnk+/I5/GspV0thXNjIpkkscSF5HVEUZLMcACvNfGHj7TfDTPaQEXuoDgxq3yxn/aPr7Dn6V5VrPi3Vdecm9vJGjz8sKnEa/Rf69a8rFZ5To+6ldmbqpHu+qfE3w1phKC9N3IP4bZd4/wC+un61zd18a4c4tdJZh6yzY/QA/wA68Y+0H1NL9oPqa8CtnuMm/daj6L/O5PtkeuTfGq7bHk6Xbp675C38sVD/AMLo1THFjY5+jf415XG8krhI1Z3PAVRkmtyz8I61dqHMAt1PTzmwfyGTWCzPHTek3+A1Vb2O7j+NN+D+8060Yf7LMP6msHxZ+03o2jZ0nWfD09wl5AfMWCYY8tsqeoHXmsKfw2lncNDqGoXceyMysba3ACoMZJZt2QMjoBWsnwy8PySJcXGmJfSqPle9JmI+gfIH4AV34XH4mMr1ptrtp/kCnzXSZ5b4dvNNvl061vvEVrbWUlw1xHeQx5nVF25jK8EMccHJxt75r274l+N/CnivQrGC3kvtQRLrdJFDZ3JJHlSAE7QMjdt71HB4etrGIrBbxW8ajpGgUAfhS21hHeW8dxDlopVDocEZB5BwaqONcYSpxjpL7xRpqPunmGqW2jf2bfmw0HVTdeYPso+x3Qyu5c/eOBxu617b8I/FGkW/gmyS+kTRrli5ayvJ2Bg+Y4UGTHGADxxzXP3th9lhMm3n3FctJ4geC/WCRItjBv4SCCBx3q8FXnRblCN/VnoYPKq2IvKiloeqaJ4d8P6z8Q9S8U2V4k8lmy24jikVovOMSlpOP4tjIvBxwe9d9kV4J4bP9t2vnzJH56ndtRCNikkLye52n9K6qzvNZsMCDUbraP4JG8wfTDZx+GK9Gnm0INxlC3oZVsPLD1JUprVHp7TIvfP0rH1XxdpWkZF1e28LD+F3G7/vkZNeW6rdeJvEMPnwazLPbPnEafuQQCRjAxnp3rk7rSNQtCTPaTL6ttyPzHFcWLz+pHSnT+bMpKUXZqzPUNS+MNhDlbOKa5bsQoRfzOT+lcxffFjXLgn7KIrUHvy7frx+lcVRXh1s4xdXedvQi50Enj/xRK25tZuQf9nCj9BUtv8AEfxVbkEatI49JI0b+Yrmu9WrfSr+6/1NpM49dpA/OuaOLxN9Jy+9juztbH4y61AQLu0s7pR3UGNj+PI/Sun0z4yaLc4W+trmyY9Wx5iD8Rz+leZw+ENVl+/HHF/vvn+WauReCJ+styB7Kmf1zXpUM0zCHW68/wCrjVz27TPEWk6yubDULe4PXarjcPqvUflWjnNeFReDYYmDCW43DkEMBj9K6fS9S1rSo/Kiv55UxwLg+Zj6E817mHzuT0rwt6f5f8EZ6dRXBJ4s1xepgb6x/wCBq1D401FcedZwP/ukr/jXdHNsO97r5DOzorm7fxpA+BPZzR+6kMP6Vq2muWF4QsdwoY/wuNp/WuqnjKNTSMkBfooyDRXSBnf2s3/PIfnQNWbvEPzqhRXz/wBcrfzGnKjRGqj+KMj6GnrqcLfeDr+FZdFWsdWXUOVGwtzBJ0kH48VLsU88VhGpbZ2WVQGYDPQGuijjOeVpRJcTXYIilmIAAySe1eM/Ef4whml0jw3NhBlZr5e/qIz/AOzfl611nxsuJrfwJOYZZIy80aNsYjcpPIOOoPpXzfXFnGLlSapQ0v1OLE1XH3UWDcsxJJyTySe9LHI8rhEVnZjgKoyTUNuA08YIBBYZBr6P8JaZY2ekW8ttZW0Ejp8zxxKpb6kDmvnaVFTdjnowdR2ueO6R8PPE2r7WWwa1iP8Ay0uj5Y/L736V2mk/B22h2vqd5Jct3jiGxPz6n9K9K7UV3xwVNb6noQw0FvqYVh4WsdLTZZ2cMA6EqvJ+p6mrf9mf7IrSoFbqlFbG6ilscdqvg251K8upGeHyZxBCFJIIhVy8g6dWPH0rJT4e62qCIX1tGojBEiu+5HCPtAGPuh5M5znAHHFejmipeHi9TnlhKcnzM8xTwLq19LdmJLfT0jPkRfNITxGQSpI5UtIxz3Kj1qw3w61FJolhktDaJP5gieRx5aiQHC8dSiqD+PrmvRqKX1aJCwNI80b4Z6kZIZPtNsXUo0jF3+ZgrFzjHdm/IfhWVq3gPfbSWz39hDqEUzSszFwBHsB2j5eT3r2DvTSikk7Rk+1a04KGiPYy3FSwN1R9Tyv/AIReG2i82HVrFeDFlZGAkUeUoQ4HTYrZx3elTw06BE/tKwS7tuVVHfCkNI7cY9dgx6Ka9T8pMAbFwOgxRtX+6Pyq7Ha80qW1/T/I4fQfDN7YWT/2XPZSQyMCrMzEYVVXpjqSGJ9yK39P0q9WFhfvBJLu4MSkDbgevfOa2gAOAMClrN003c8ivJ1arqyerMmXQ4J/9bbxSf76g/zqD/hFdOzn+zrPP/XFf8K3aKl0YPdEcqMmLRIIf9VBFH/uqBUn9mf7IrSoNNUooOVGb/Zn+yKP7M/2RWlQafs0FkZv9mf7Io/sz/ZFaVJR7NByozv7M/2RR/Zn+yK0qKPZoLIzf7M/2RR/Zn+yK0qKPZoOVFaBbu2AEU8igdt2R+VXk1S9VcMkTH1IqKgVtCpUh8MmHKj/2Q==', NULL),
(372, 149, '/9j/4AAQSkZJRgABAQEAYABgAAD//gA7Q1JFQVRPUjogZ2QtanBlZyB2MS4wICh1c2luZyBJSkcgSlBFRyB2NjIpLCBxdWFsaXR5ID0gODIK/9sAQwAGBAQFBAQGBQUFBgYGBwkOCQkICAkSDQ0KDhUSFhYVEhQUFxohHBcYHxkUFB0nHR8iIyUlJRYcKSwoJCshJCUk/9sAQwEGBgYJCAkRCQkRJBgUGCQkJCQkJCQkJCQkJCQkJCQkJCQkJCQkJCQkJCQkJCQkJCQkJCQkJCQkJCQkJCQkJCQk/8AAEQgA2gEsAwEiAAIRAQMRAf/EAB8AAAEFAQEBAQEBAAAAAAAAAAABAgMEBQYHCAkKC//EALUQAAIBAwMCBAMFBQQEAAABfQECAwAEEQUSITFBBhNRYQcicRQygZGhCCNCscEVUtHwJDNicoIJChYXGBkaJSYnKCkqNDU2Nzg5OkNERUZHSElKU1RVVldYWVpjZGVmZ2hpanN0dXZ3eHl6g4SFhoeIiYqSk5SVlpeYmZqio6Slpqeoqaqys7S1tre4ubrCw8TFxsfIycrS09TV1tfY2drh4uPk5ebn6Onq8fLz9PX29/j5+v/EAB8BAAMBAQEBAQEBAQEAAAAAAAABAgMEBQYHCAkKC//EALURAAIBAgQEAwQHBQQEAAECdwABAgMRBAUhMQYSQVEHYXETIjKBCBRCkaGxwQkjM1LwFWJy0QoWJDThJfEXGBkaJicoKSo1Njc4OTpDREVGR0hJSlNUVVZXWFlaY2RlZmdoaWpzdHV2d3h5eoKDhIWGh4iJipKTlJWWl5iZmqKjpKWmp6ipqrKztLW2t7i5usLDxMXGx8jJytLT1NXW19jZ2uLj5OXm5+jp6vLz9PX29/j5+v/aAAwDAQACEQMRAD8A+qaKM0UAFFFFABRijNFABiiiigAxRijNFABijFGaM0AGKMUUUAFGKKKACkBB6EGlrgPAGved4t8V6NJIW8u8a4iBPYna36hfzrKdVQlGL6gd/ijFFFagFGKM0UAFFGaKACiiigAxRiiigAxRRRmgAxRRRQAUUUUAFGKKKADFGKKKACkpaKACiiigAooooASloooAKSlooAKKKKACiiigAopkk0cf33A9u9c14x8ZxaBot9c2wD3UULNGr8DdjjND0VxXOlllSGN5HYBUBZj6AV84eGfFo0fx22vzbhBczy+eoGTsds/pwfwrC8S/Fm68VahJKoewMkao8UBID4655+br37VyF7dzMocTuFDdQf514+M5q0oSpu3K7mDrq9j7Ik8V6HHAJm1Wz2NH5oxKCSvqB1rTikEkavtK7gDhuCPrXxLFq1whhbfyDgBSR9D9a6qT4o+J77TP7Mm1a5aJHDB93znByAW6nB96ueaQp350aQnzH1lRXidp8VriPRIdQm1F92ArJwW39xiultfHeqbFdmRwwBw6DP6V6NOrCavFmh6RRXDJ8So4ABd2y/VGx/Or1t8S/Dtwk3+l+VNDEZTFJwWAHY9DVuSQXOrpD0rk7f4neHbjT7C7F2im8kEflFhvhJOCXHYA96ztf+Lmj6Pe39tDKLuSCFDCsfKyyknI3DjAG3P41lUxFOmuaUrISaexv+Htf+3XuoaTcuDeWMpXPQyR54bH5A//AF636+e/A3iO4i8eW2p3cmWvpmjmPb95/TOPyr6E61jgsXHEQcl0Yo+YUUUV2FCUtFFABRRRQAUUUUAFFFFABRRRQAUUUUAFFFFABRSUtABRRRQAUdKjlmSFdznFYeoau75VDtX2ppCual1qlvbZBbc3oKqWupf2hM0e8oAM4Xqfxrm7icnljUVtqsenyi4d1VFOCWOBzxinawmzsp7mz06Bp55IreJfvSyMAB9Sa+Z/jpNaP4pebRNQkbz1/wBKhBITcMYYdjkelex+M/ENne+FtRSK3TUYHgcFd3ytgdAR34r5VS3gvWeS1ugAGOIpDhlHpXFjJ6KCW5lUlZEaAmMzRHcw5xjnjtU8srTW7MBhGGdp7Gok32c4jlVQG5BPzfhU0oMaEHeYmOV9FP8AhXmTnypo51G+pXRy7qSScD8Ktwhtxb3qtHEFkwO1XFTap98149apd6nZCJZM58pVYkqpyF969V8N61/bOkrKoxLGAj/XFeSZAGeMiup8DeIY9Hiv47gERGPzd4GdhHHP5115XiPZ1eVvRlG/q9zLAZJZd2FHSvO9Q1maS481ZCGxtJz1FWPEvjG/e1lsZXjkZmIEqjB256VzMUu/LHniu7GV+ZpR2M5S5tDpbC/JE3zcstRRaxJCxeQqQv8AKs7TpSrMN2VPY9az5pt0mzcQAxHPPesJKFSKjJGGsXdHoWk6xBcOkgcgg5ABxivW/AXxAaKNo9QlvruclYLO0i+b5fU9BnoPwr5ytZ5c/LIAg5zyK7Pwfreo2Gpw3MU0iBflJj4baeuCQcEjvVUsNKhJTovTqgjW194+sbKWee2SS5gFvKwyYt+7b7Z9anrL0HUL/UrVbi7sEs0dQ0Y87exB9eOK1K+hi7o607oKKKKYwooooAKKKKACiiigAooooAKKKKACiiigAoopskixIXchVUZJPagB1RTTLCuT1pEn3x+YRtB5APWsu7uDI55ppCbM3xFryWEQeTczOdqIvVj6CvMtd+JXkQzqLSaLaSnmxyKxRu2R/jXb+KrVpYPtMKo1zAjGLf8AdyR3r5f8YeIpr7WZGNoLSVcxyopJBYVx42tOnH3NzKcrHexfFW/urDypA73C3Sv5gAUGMYymO3f86q+PfiDHdaaNP09m+eQNIzccDBAH4/yrzjStR8u58h2YCTOeT17H+lGoZmDq2fMUkgkcn2Nee8XJUuST1ZgpScvI6yLxnqV/aSxibyIZZBI0UPyqWChTj2OBxXO3GiEqbu0wsnUxkZ3c9PaqmgytJEyFsEHIOcVtfbFjiLc/L1FYObveTHJsygZNjRHh1Ochjwas211I6GNySen1q/4e8NX/AIwv2ttMD+eG+d3OEjQ92PP5dT+dereGPgXa2Vx52s38d8FX5YYQUGe+TnJ/SolRq1fg2NKauePxw5kBxgHj8qneHnpgV7Pq3wa02Ql7B57V+yk70/X/ABrhvEXgHWNAiaeWAzW6f8tEHQe47VwYnBV6fvNXXkdUdEciYu7VDLfS2lrdpAoPnwtA4J7H/wDUDW7ovh+88R3f2a0XCr9+Q8hP8T7V6JYfBrQ5IFjv47i6fqS0jIM/RcfrWmAwdSr+82REk+h88lZFfLE5HqeQfpU0MjANjjPXFe8ap8ANJu23WWoXVq+CArfvFB/Hn9a8j8SeD9T8I6nJp+ow4YDdHKv3JF9R/h2rsxFGdNXlsZ8r6mXZykAYznp1pwtlu7nO1iM9McUsEOwZzgdKuwPDAA8gLEdFHeuaEveCSLcVnHbL5twWRF7AkbvYCtDSr9zNFJI4toQeFHV6x5bt5iCCD6AjO2tvw/pakC7mIc5yq+nvXXKrzNRgzKFO7uz6L+HHiu0ktItMlVIpAPkYdG+vvXoFfN2iTyRyK6sQQeK9y8Ia/wD2xYBJW/0iIYb/AGh617tKV46nStDoKKKK1GFFFFABRRRQAUUUUAGaKKKACiiigAzRmkooAXNZd9Mbq9SzU/JHh5Pc9h/X8q0ncRozscBRkn2rH0jc0Et9IPnnYuM9gen6YpoTLly+1QgNZ8kZBzVlss2TSlOKpCZ5X8WNT1iw0+WGG0s5LGdAjSSTbXGfQcf1rwC4sxPMxeJt/rywP417z8Xl1i4jktZZrOPT85RCmGYeu8559hivEpjbW4YQSIZI+oEmAfxPGa8nFT/eNM5a120UU0+O5B8nbHNH95WYDd7c9DS3scUpGBIk6jaUdQDgdOlWS1lqTCdLlbK5XgyNIDvx/e9Pzrq/BPhtfEPmya3F50cbARkMD5p9cjt7e9cM6Lq6RHTu2cX4Y8L6xrd08el6dNc7WJLDCpjHQseM88c16Da/A/xPd4a4ubG3DDD7nZmx+A6/jXsHh+CPT7SO2toI4YlGAiLgCtW+1FLOFmKjeo49DXVDA02r1Hc6fY9DifCHg658GWh0+JlneR/MluAu3cffk/hXX21qxw0kpJ/2awk1lnkILFnJyfrWjbalIWAZytbJQWiOyNNxjZG0kb4xG2fZqSSBJo2juUDqwwynoRS2tysic4JPcVMzZG5z8owDx1rWNkQ430Miz8HaPpokbSrSOydzltmcMfpVSS9ns7gwTDBHr3ro7oCGHevy+lZtzFDfbGuEVyPu+tE4paR0CC77FeLVSTgkH61zvj7QLTxZos0EqqLmNS9vIeqv/ge9dhDp9koB+zoTUWp6BFqNq8ds32aUqQrYyAfpV8nNHllqjOaXQ+QmZVO3IyvGPSos5O7J4rrvG3wy13wnPLczRfabVmyZ4h8o+o6iuPGRwa+YqUpU5WZlHsyeLJOR1rr/AA9p2pSRRvkQwE5+YZLfhXI2iPPMsMUckjt0VFJNeoeFtFRLdZjaXcEg4/fscn3xx+orXCUnUqoaVjW0+3244rsfDWoPpt5HMp4zhh6isO3tduOK07aMqRX08FYD2CCZZ4UlQ5VhkU+sLwpeefYCInJSt2tBhmjNFFABmiiigAozRRQAUUUUAFFFFABRRRmgDO8QTGHSbjacFwIx/wACOP60sMXl2sMQHCoP5VB4lObW3T+/cKP0J/pWkqgIv0FNCZU8qnbGIwB+NWdozTgOKdxWOH8feB9L8QaebjVZLdY7cFt87lETPcnIxXy/c+BtR1DxU+kaVBBMpO4TxXHmxInqXH8utfalwkLwOs6I8RB3K4BUj3BrhI9K0zTru4lsLOC1Ez7ysSBR0rhxWHjNqQvZuTseNeIfgFPp2hxX+m3k95NEN11CEG8jHJjx/I5/x3Phbpsi6PbxQM9x95xI3oSSMn8a9ZivVi+U8g9BWbG9vZBkto0iVmLkL6k5NZRhCGsTWFC0rotW2nXEaDMqBvYZqj4gg1BokhS3L7+rqfl/GrEN6zSLlj1rZklVkRM9vyrRWkmjo1g0zhrXw1qajPmoSf8AZ6VJNoup2w3GRDXZbQnyqeveoZVDAhlDCj2MbF+3lco6X9pjtld4CxHUK3JrQgvPtpBjRxF1O4YyarQymPKp908Yp8V6QNuMkUJbK4m73dhmv3V59k/cW0jKGGdoycfhWLFqjwSL5iMpHZhiujF638Sce4qO/wBLttWtyzJtkA+Vx1rOpSlJ80GXTqRS5ZIfa3cVxGHRgPUZ6VdidcZJGPrXn011NpV0baYkMOh9RWnY6v6yUU8Wn7stwqYVrVbHQ6rDFe27xMiuGGCGGQa8T1v4RXl3r84trQ21nL80UiYZQcZIODlfavY9LmXUQzI/3TjHrV0wMG206tKGIiubY5Z0+V2e55R4R+Gcugea93DbmfokyMSSO4weB+FdQNGCDgc12L2qkc9aqT2mOQK6aNGFOPLEyZzH2Ip2xUkcOK1Z4cDFQLDk1vYRteE5PLuGTsRXX1x3h1dt8o9RXY0wQUUUUhhRRRQAUUUZoAKKKKACiiigBKKWigDI8Rf6uzPYXA/9BNaifdH0rP8AECbrJH/55yo364/rWhHzGp9QKYC0YFLikpAYviG8MYWAHAI3N7+lclNOQxbnFdB4tYwukxBKY2tjtXKi6S5kEUBDuw4APNcdZ+9ZnTSWlxy3e+c4P3VJqHzTI2M1nRy3MGpNFcROispVSfX/ACKtqfLznrWMdTdqxN5xjcAetaD62kN1EkjYGz9axVffKPrWXqgN1dGRZWUocClJyjrEuMYy0keiW97DMAVkU5q0Yg6YzweQRXmFteXVvwshJ9RXQad4oeJcXBZT64zmtI4jpJGU8M1rF3OhNtJE+feq7SbLknjHese6+IdrEzQQI88393bgD6k1zs2uXj3j3Tvw/wDyzHQfSlKvDaGpUMPN6y0PR47iF8AkA1IbuNDtWuAt/FUWcF9p962UTV7oJKkRVG7swBx64PNNYhP4dRPDtfFoZnjgb763fBxsPI+tYMd3LDIvzPsz8wA7V6BJoUd4UM12G2jkFO/50+Pw3BAMoiSispUOduS6m8MQoRUX0MTw9qJtnwG+UtXbq6yAMOp5riNVsxaXm6JNqv2HYit7S9RYxIH7DFXQnyPkZliI8yU0b55FRzRZFMW6RsDIyam3ZFd0XfY4JoyryEIwA64yagEYVc9zVyYeY5JqCVcnFWQW9BTF4G9BXVVz+iRbdznucCuhpsEJS0UUhhRRRQAUlLRQAUUlFAC0UUUAFFFJQBW1OEz2E6AclCR9RyKks5BJaxOOhQH9Kl61m6ZMYXmsn4aFvl91PI/SgDTpCKAc0UAZ+r2KXtsysM8V51/Y7aRqzzbsqAdv416oRkYrjvE1oFugccFc1lWinG5pSk07GNJOk4IZFOfTtWRds1vIwfJU8hsVdY7GxUkJW6PlOAVHJ+lcrdzpWhkwWt9dIZrW3aQZwCWCj9TUDaVfxZ861mUAZJ25A/EV0r3WwBUG1RwAO1WrG9O/aT+dLRblc0uiOJ8vByKvJAssG4Dmul1jw9FqEDXFkqpOoyVHAeuV0+WWZ3t1UqyttfI+7RJKLsy4y5ldGQ1pLPqTR20BeQgA4H8zWuvhDVWj3fZw3sGFdNpGnJb4IX5jyT610UEpC7cA0UqS1bJq15bI8mHh+4tdUgW6t5EjMgyWHBxzjP4V1/21x/Ea6m5RZIyjorKeoIrlNRsGt59qcq3I9qHRUNY9QVbn0kTQ3bFwAc5rUgnZMc1j2cDIwZx0PT1rXiCEg4I9qcY9SZNFDxF8rJIVJBwapW9/AqcsU9iK3r/S21SJEVsbM/jWUnhZ0kxKTx2odGTldCVaKjZlrS5muZQRnYO/rW+o+WqllZLbKAowBVw8CuunDlRyznzMhZBnpULw5NWTzUttDuk3EcL+prQzL2nW/lhVx90ZP1rRqOCPy0wcbjyakoY0FFFFABRRRQAUUUUAFFFFABRRRQAUUUUAJWPrivZTw6nGMqn7uYD+6eh/A/zrZpskaSo0bqGVhgg9CKAIbadZY1dSCrDINT5rm4JX8O3wsp2LWkpzBIe3+yfcVvq4YAg5BptASnpWPr2nG9gDx481M49x6VrhqawDVLV1Yadnc8zuofmKFSkg6qahsfkinBI3kjjuBXdaxo1veKWdMN6jrXEz2R0q8bzJC0Ug27j1Xn+Vcs6Ti7nRConoyNzxRGWVww6VJ5GSec1NFAfSsHqdMXY09Kvdp2sag1Kzt7adruOML5py+0d/WkgXD5xU+qlDZMFOcDNXvCzM1pLQrQ34TAAyKuxXSu4IbBIrEgAYDmrUS7DkE1KcipQib8eWXk1maqqi5hXIyQcVPa3DbSCaxtcdrm7ikhL5hGMgcE1rKV4mMVaWpobkhTcccU2G6DNx+tUrc3l2Aot3J9cYFaVn4fupGDTssa9wvJpWk9kDlFbs2dKbKu2M4HFTvGXOSMmprS0S1hEcYwB+tPcAV1xVlZnLJ3dymU21E7VNMc9KhWNnbAqgCJDIwArUsoM4fHyL933PrUNpbeadq/6sfeb1PpWmFCgADAFMBaKKKQBRRRQAUUUUAFFFFABRRRQAUUUUAFFFHNABRRRQBXv7CDUbZre4TcjfmD6j3rBt7q58PzraX5MluxxFP2PsfQ101R3FvFdQtDPGskbDBVh1ppgRxyrKgdGDA9xT8msNtOv9EYyWLNdW3UwsfnUe3r/P61esdXtr5cK2xxwyNwQaLAXGAYEHoayNV0OK/iZWUc962gAaClIDzy70m507qCyr0Yc/nUUN6nSQ7e2a9Dlt1lGGAI96zLnw3ZXBy0Sg+1c8qC+ybxrPqc9DJGRlWB+lRXziW3eNcksMYFbyeE7RDkbvzqwuiQxD5UB9zQqT2Y/bLdHn6x3Nu33XI+lTi4uD92J/yrt20uP+4KF0yNT9wUKgu4nXbOZsI7yZsGMqp7mt2309FAyoJrQSzC9BU6W4FaxpqJlKbkVorcDooFWVjC4zUgQDtSMDVkjWkwMCo2y1OKY5Jpm4ZCICzHsKYEbIByTgetSW1s1zjAKQ927t9KnisNxDz4bHRB0H19auAY4FACIixqFQAAcYFOoopAFFFFABRRRQAUUUUAFFFFABRRRmgAooooAKKKKACijNFABRRRQAcVTvdJtb475EKyDpIhww/Hv+NXM0UAZK22p2H+qdbuIdm+V/8D+lSx6vECEuI3t29JBj9a0aRlVwVYAg9iKdwGLKkgyrKR7GlwKgbTbUnKx+Wf8ApmSv8qT7FIn+rupR7Ng0gLG0UFag8q7XpOjfVMf1oIvR0MJ/OgCXYPSm7B6VERff3YP++j/hTCmonp5A/E/4U7AWNoFNLKvUiqxsr+T71zGg/wBlSaBo27/XXUz+wwKQDpr6CIfM4/Oq6XktycW0DuP72MD86vQ6ZaQHKwqW9W+Y/rVoYApgUY7GR+Z5APZP8atxwxwrtRQB/On0UgCiiigAooooAKKKKACiiigAooooAKKKKACiiigAooooAKKKKAD8KKKKACj8KKKACiiigAooooAKKKjnmjtoZJ5pFjijUu7scBQOpJ9KAJKPwrgrL4x6De6wunKk+JbgW8M6gMkhJwD1yByPXrXbXt7badayXV3PHBBENzySNhVHuaxpYinVTcHexMZxlqmT0Vwmn/GPwxf6rJZNdfZ4R/q7mY7Uc9/932J/Su3imjnhWWJ1eN1DKynIYHoQadKvTqq9N3CM1LZjvMUMFLDcegzzTq8hk1e81H4kpbpOy3Ed21uBCNrLGnJPzdflOffmvXh0rDCYr2/NpazsKE+a4UUUV2FhRRVM3Fx9t8ryh5Wcbuc9OtTKVgLlH4UUVQB+FFH40UAFFFFABRRRQAUUUUAH4UUUfjQAUUUUAFFFHFABRSEgdaie4VegLfSpcktwJqM1RkuLh+EAT9TVV4Z5PvyOfxrKVdLYVzYyKZJLHEheR1RFGSzHAArzXxh4+03w0z2kBF7qA4Mat8sZ/wBo+vsOfpXlWs+LdV15yb28kaPPywqcRr9F/r1rysVnlOj7qV2Zuqke76p8TfDWmEoL03cg/htl3j/vrp+tc3dfGuHOLXSWYess2P0AP868Y+0H1NL9oPqa8CtnuMm/daj6L/O5PtkeuTfGq7bHk6Xbp675C38sVD/wujVMcWNjn6N/jXlcbySuEjVnc8BVGSa3LPwjrV2ocwC3U9PObB/IZNYLM8dN6Tf4DVVvY7uP4034P7zTrRh/ssw/qawfFn7TejaNnSdZ8PT3CXkB8xYJhjy2yp6gdea5+68OPY3Lw39xeBY4jOzWqRgBBgE5Yknk4+6Ce1ayfDjw3LJHPc6fDezADa943nkZ9AxIHPoK78Lj8TGV602120/yBVOa8VueYeHbzTb5dOtb7xFa21lJcNcR3kMeZ1RduYyvBDHHBycbe+a9u+Jfjfwp4r0Kxgt5L7UES63SRQ2dySR5UgBO0DI3be9V4NHsLKLbbpbQoATtiCqMD2H0P5Uttb291aw3SMFjmUMu8gHkZ/OqjjXGEqcY6S+8UYRXuo801S20b+zb82Gg6qbrzB9lH2O6GV3Ln7xwON3WvbfhH4o0i38E2SX0iaNcsXLWV5OwMHzHCgyY4wAeOOa5u9t47eEsroWzgDIPP+RXJza9PbagsTupjIbgoBg44/WrwVedJuUI39Welgcpq4m86NtD1vRPDvh/WfiHqXimyvEnks2W3EcUitF5xiUtJx/FsZF4OOD3rvsivAPDLf2ta+Zc7TcqPMztA2qScfoM/iK6qx1TU7LaLbVpip4CPIJAfYBs4/CvSp5rCDcZQt6f0jKvhZ4epKlJarseptMi98/SsfVfF2laRkXV7bwsP4Xcbv8AvkZNeV6jfeJfEtv9pt9Yllt3JAiU+SMZx0Xg/jXK3WkahaEme0mX1bbkfmOK4cXn9SGlOn82YzjKLcZKzR6hqXxhsIcrZxTXLdiFCL+Zyf0rmL74sa5cE/ZRFag9+Xb9eP0riqK8OtnGLq7zt6GdzoJPH/iiVtzazcg/7OFH6Cpbf4j+KrcgjVpHHpJGjfzFc13q1b6Vf3X+ptJnHrtIH51zRxeJvpOX3sd2drY/GXWoCBd2lndKO6gxsfx5H6V0+mfGTRbnC31tc2THq2PMQfiOf0rzOHwhqsv3444v998/yzVyLwRP1luQPZUz+ua9KhmmYQ63Xn/Vxq57dpniLSdZXNhqFvcHrtVxuH1XqPyrRzmvCovBsMTBhLcbhyCGAx+ldPpepa1pUflRX88qY4FwfMx9Cea9zD53J6V4W9P8v+CM9Oorgk8Wa4vUwN9Y/wDA1ah8aaiuPOs4H/3SV/xrujm2He918hnZ0Vzdv40gfAns5o/dSGH9K1bTXLC8IWO4UMf4XG0/rXVTxlGppGSAv0UZBorpAzv7Wb/nkPzoGrN3iH51Qor5/wCuVv5jTlRojVR/FGR9DT11OFvvB1/CsuirWOrLqHKjYW5gk6SD8eKl2KeeKwjUts7LKoDMBnoDXRRxnPK0okuJrsERSzEAAZJPavGfiP8AGEM0ukeG5sIMrNfL39RGf/Zvy9a6z42XE1v4EnMMskZeaNG2MRuUnkHHUH0r5vrizjFypNUoaX6nFiarj7qLBuWYkk5J5JPeljkeVwiKzsxwFUZJqG3AaeMEAgsMg19H+EtMsbPSLeW2sraCR0+Z44lUt9SBzXztKipuxz0YOo7XPHdI+HnibV9rLYNaxH/lpdHyx+X3v0rtNJ+DttDtfU7yS5bvHENifn1P6V6V2orvjgqa31PQhhoLfUwrDwtY6Wmyzs4YB0JVeT9T1NW/7M/2RWlQK3VKK2N1FLY5LUfBb6jd3M0k6GOfyEMZTOIo2LMvX+In8qyV+GV0E8n+0o1iKfwQkMH2OAR83ADSM2P1r0M0VLoQZhLCUpO7R5uvw6vb+W7aVrWxQHyohDBjKiMruX5uFJdzjqSBzVh/hnItwjw3NssIm83ymgyFAkDALzxlVUE98e9egUUfV4ELA0ux52fhY2+JxdQb02Fn8n5mYK2TnPd2z9ABWXqngGF7aWxkvTHcxzGYzC2LAr5YOwYP4816x3pK0hBQ2PUy/EywWlHTr/W55c3hOxWESxX2eqKfsch3geUAjdMrtXbjjJY0o8IwgCI3o+0wco62TgKVaRzj6sV/BMd69QxxRVHb/atW1rv8P8jidF8JzWto7aZeJDHMwIJt8HCqqYIP+6xJ7lvz3LDRrqCFlu7kXTlsh9gTAwOMD8a26Kh003c8utJ1ajqybuzJl0OCf/W28Un++oP86g/4RXTs5/s6zz/1xX/Ct2ipdGD3RHKjJi0SCH/VQRR/7qgVJ/Zn+yK0qDTVKKDlRm/2Z/sij+zP9kVpUGn7NBZGb/Zn+yKP7M/2RWlSUezQcqM7+zP9kUf2Z/sitKij2aCyM3+zP9kUf2Z/sitKij2aDlRWgW7tgBFPIoHbdkflV5NUvVXDJEx9SKioFbQqVIfDJhyo/9k=', NULL);

-- --------------------------------------------------------

--
-- Table structure for table `gio_hang`
--

CREATE TABLE `gio_hang` (
  `ID_GH` int(11) NOT NULL,
  `MA_KH` int(11) NOT NULL,
  `TEN_SP` varchar(255) DEFAULT NULL,
  `SOLUONG_SP` int(11) DEFAULT NULL,
  `TONG_TIEN` float(10,2) DEFAULT NULL,
  `TONG_TIEN_TT` float(10,2) DEFAULT NULL
) ENGINE=InnoDB DEFAULT CHARSET=utf8mb4 COLLATE=utf8mb4_general_ci;

--
-- Dumping data for table `gio_hang`
--

INSERT INTO `gio_hang` (`ID_GH`, `MA_KH`, `TEN_SP`, `SOLUONG_SP`, `TONG_TIEN`, `TONG_TIEN_TT`) VALUES
(54, 45, 'b ', 2, 30000.00, NULL),
(55, 45, 'da leo', 5, 40000.00, NULL),
(56, 47, 'bp ci trng', 2, 14000.00, NULL),
(57, 47, 'khoai lang  lt', 1, 12000.00, NULL),
(58, 48, 'bp ci trng', 1, 7000.00, NULL),
(59, 48, 'da leo', 1, 8000.00, NULL),
(60, 49, 'khoai lang  lt', 1, 12000.00, NULL),
(61, 51, 'da leo', 1, 8000.00, NULL),
(62, 53, 'khoai lang  lt', 1, 12000.00, NULL),
(63, 55, 'da leo', 1, 8000.00, NULL),
(64, 57, 'da leo', 1, 8000.00, NULL),
(65, 59, 'da leo', 2, 16000.00, NULL),
(66, 61, 'bp ci trng', 3, 21000.00, NULL),
(67, 62, 'bp ci trng', 2, 14000.00, NULL);

-- --------------------------------------------------------

--
-- Table structure for table `khach_hang`
--

CREATE TABLE `khach_hang` (
  `MA_KH` int(11) NOT NULL,
  `TEN_KH` varchar(500) DEFAULT NULL,
  `email` varchar(255) DEFAULT NULL,
  `DIACHI` varchar(500) DEFAULT NULL,
  `SDT` varchar(20) DEFAULT NULL,
  `AVATA` varchar(200) DEFAULT NULL
) ENGINE=InnoDB DEFAULT CHARSET=utf8mb4 COLLATE=utf8mb4_general_ci;

--
-- Dumping data for table `khach_hang`
--

INSERT INTO `khach_hang` (`MA_KH`, `TEN_KH`, `email`, `DIACHI`, `SDT`, `AVATA`) VALUES
(24, 'Trn Quang t', 'tranquangdat38hl@imail.edu.vn', '29 Nguyn Trung Ngn, Bn Ngh, Qun 1, H Ch Minh', '8817', NULL),
(25, 'V Ngc Chu', 'chauvo@gmail.com', '23 Trn nh Xu, Cu Kho, Qun 1, H Ch Minh', '03937394793', NULL),
(26, 'V Ngc Chu', 'tranquangdat38hl@imail.edu.vn', '29 Nguyn Trung Ngn, Bn Ngh, Qun 1, H Ch Minh', '8817', NULL),
(27, 'Trn Quang t', 'tranquangdat38hl@imail.edu.vn', '29 Nguyn Trung Ngn, Bn Ngh, Qun 1, H Ch Minh', '0823488817', NULL),
(28, 'Trn Quang t', 'tranquangdat38hl@imail.edu.vn', '29 Nguyn Trung Ngn, Bn Ngh, Qun 1, H Ch Minh', '0393894', NULL),
(29, 'Trn Quang t', 'tranquangdat38hl@imail.edu.vn', '29 Nguyn Trung Ngn, Bn Ngh, Qun 1, H Ch Minh', '07855754', NULL),
(30, 'Trn Quang t', 'tranquangdat38hl@imail.edu.vn', '29 Nguyn Trung Ngn, Bn Ngh, Qun 1, H Ch Minh', '09383737937', NULL),
(31, 'vo ngoc chau', 'chauvo@gmail.com', 'tphcm', '0219399132321', NULL),
(32, 'vo ngoc chau', 'chauvo@gmail.com', 'tphcm', '0219399132321', NULL),
(33, 'vo ngoc chau', 'chauvo@gmail.com', 'tphcm', '0939882234', NULL),
(34, 'V Ngc Chu', 'datgold@gmail.com', '23 Trn nh Xu, Cu Kho, Qun 1, H Ch Minh', '0239491441', NULL),
(35, 'vo ngoc chau', 'chauvo@gmail.com', 'st', '012301114', NULL),
(36, 'oh yead', 'tranquangdat38hl@imail.edu.vn', '29 Nguyn Trung Ngn, Bn Ngh, Qun 1, H Ch Minh', '0334205811', NULL),
(37, 'Trn Quang t', 'tranquangdat38hl@gmail.com', '103/4c t 19 kp 2 phng ng Hng Thun Qun 12', '03938308', NULL),
(38, 'Trn Quang t', 'tranquangdat38hl@imail.edu.vn', '29 Nguyn Trung Ngn, Bn Ngh, Qun 1, H Ch Minh', '0398134444', NULL),
(39, 'Trn Quang t', 'tranquangdat38hl@imail.edu.vn', '29 Nguyn Trung Ngn, Bn Ngh, Qun 1, H Ch Minh', '0983683683', NULL),
(40, 'buingocduc', NULL, '45aa', '321654987', 'images/1700665086.jpg'),
(41, 'ewdweq', 'edfefe@gasas.com', 'f', '343543', NULL),
(42, 'duc', NULL, '11aa', '11144555', 'images/1700665784.jpg'),
(43, 'duc12', NULL, '12a', '11144555', 'images/1700723049.jpg'),
(44, 'bi ngc c', 'duccvn@gmail.com', 'bnh nh', '123456789', NULL),
(45, 'oanh nm', 'oanhdeptrai@gmail.com', 'ng an', '12365448', NULL),
(46, 'bui ngoc ducc', NULL, '12bd', '33558887', 'images/1701568246.jpg'),
(47, 'bi ngc c', 'ngocducvn2001@gmail.com', 'bnh nh', '123456789', NULL),
(48, 'bi ngc c', 'ngocducvn2001@gmail.com', 'bnh nh', '1234567899', NULL),
(49, 'bi ngc c', 'ngocducvn2001@gmail.com', 'bnh nh', '1234567899', NULL),
(50, 'bi ngc c', NULL, '15dn', '123456789', 'images/1701571440.jpg'),
(51, 'bi ngc c', 'ngocducvn2001@gmail.com', 'bnh nh', '1234567899', NULL),
(52, 'buingocduc', NULL, '34dn', '33558887', 'images/1701572697.jpg'),
(53, 'bi ngc c', 'ngocducvn2001@gmail.com', 'bnh nh', '1234567899', NULL),
(54, 'buingocduc', NULL, '42aa', '123456879', 'images/1701573129.jpg'),
(55, 'bi ngc c1', 'ngocducvn2001@gmail.com', 'bnh nh', '1234567899', NULL),
(56, 'bui ngoc duc', NULL, '54db', '125879634', 'images/1701574098.jpg'),
(57, 'bi ngc c12', 'ngocducvn2001@gmail.com', 'bnh nh', '1234567899', NULL),
(58, 'buingocduc', NULL, '44dn', '3355888722', 'images/1701574311.jpg'),
(59, 'bi ngc c122', 'ngocducvn2001@gmail.com', 'bnh nh', '1234567899', NULL),
(60, 'buingocduc', NULL, '44dn', '3355888722', 'images/1701574530.jpg'),
(61, 'bi ngc c1225', 'ngocducvn2001@gmail.com', 'bnh nh', '1234567899', NULL),
(62, 'bi ngc c12258', 'ngocducvn2001@gmail.com', 'bnh nh', '1234567899', NULL),
(63, 'buingocduc1', NULL, '44dn', '3355888722', 'images/1701574995.jpg');

-- --------------------------------------------------------

--
-- Table structure for table `nganh_hang`
--

CREATE TABLE `nganh_hang` (
  `MA_NH` int(11) NOT NULL,
  `TEN_NH` varchar(500) DEFAULT NULL,
  `NH_CON` int(11) DEFAULT NULL,
  `ANH_NH` varchar(255) DEFAULT NULL
) ENGINE=InnoDB DEFAULT CHARSET=utf8mb4 COLLATE=utf8mb4_general_ci;

--
-- Dumping data for table `nganh_hang`
--

INSERT INTO `nganh_hang` (`MA_NH`, `TEN_NH`, `NH_CON`, `ANH_NH`) VALUES
(92, 'rau, c, qu', NULL, 'images/1701268212.jpg'),
(93, 'thc phm ch bin', NULL, 'images/1701268265.jpg'),
(94, 'thc phm ti sng', NULL, 'images/1701268319.jpg'),
(95, 'thc phm gia v', NULL, 'images/1701268347.jpg'),
(96, 'lng thc', NULL, 'images/1701268414.jpg'),
(97, 'dng c', 92, NULL),
(98, 'dng qu', 92, NULL),
(99, 'xc xch', 93, NULL),
(100, 'rau c ch bin', 93, NULL),
(101, 'tht vin', 93, NULL),
(102, 'lp xng', 93, NULL),
(103, 'thc phm ch bin khc', 93, NULL),
(104, 'trng gia cm', 94, NULL),
(105, 'tht gia cm', 94, NULL),
(106, 'tht b', 94, NULL),
(107, 'thy hi sn', 94, NULL),
(108, 'tht nhp khu', 94, NULL),
(109, 'gia v', 95, NULL),
(111, 'gio', 96, NULL),
(112, 'bt cc loi', 96, NULL),
(113, 'si cc loi', 96, NULL),
(121, 'c sn', NULL, 'images/1701575034.jpg'),
(122, 'thc phm ngon', 121, NULL);

-- --------------------------------------------------------

--
-- Table structure for table `nhan_vien`
--

CREATE TABLE `nhan_vien` (
  `MA_NV` int(11) NOT NULL,
  `HOTEN_NV` varchar(200) DEFAULT NULL,
  `CCCD` decimal(20,0) DEFAULT NULL,
  `AVATA` varchar(200) DEFAULT NULL,
  `NS_NV` datetime DEFAULT NULL,
  `NOI_SINH` varchar(500) DEFAULT NULL,
  `DCHT_NV` varchar(500) DEFAULT NULL
) ENGINE=InnoDB DEFAULT CHARSET=utf8mb4 COLLATE=utf8mb4_general_ci;

--
-- Dumping data for table `nhan_vien`
--

INSERT INTO `nhan_vien` (`MA_NV`, `HOTEN_NV`, `CCCD`, `AVATA`, `NS_NV`, `NOI_SINH`, `DCHT_NV`) VALUES
(11, 'Trn Quang t', 42203002876, 'images/1676525016.jpg', '2003-12-27 00:00:00', 'hng kh h tnh', '103/4c t 19,kp2, Phng ng Hng Thun Qun 12 Thnh Ph H Ch Minh'),
(15, 'V Ngc Chu', 8363835736763, 'images/1676290860.png', '2002-11-11 00:00:00', 'G Vp H CH Minh', 'H Ch Minh'),
(24, 'ducct1', 123456789, 'images/1700664584.jpg', '2001-02-06 00:00:00', 'binh dinh', 'da nang'),
(25, 'bi ngc c', 1235584711, 'images/1700747652.jpg', '2000-02-05 00:00:00', 'k nng', 'da nang'),
(27, 'bi ngoc c', 12358964, 'images/1701575204.jpg', '2001-06-08 00:00:00', 'binh dinh', ' nng');

-- --------------------------------------------------------

--
-- Table structure for table `quang_cao`
--

CREATE TABLE `quang_cao` (
  `ID_QC` int(11) NOT NULL,
  `MA_TH` int(11) NOT NULL,
  `LINK_ANH` varchar(255) DEFAULT NULL,
  `ANH_QC` longtext DEFAULT NULL,
  `LUACHON` int(11) DEFAULT NULL,
  `QUYEN_SD` tinyint(1) DEFAULT NULL,
  `THOI_HAN` datetime DEFAULT NULL
) ENGINE=InnoDB DEFAULT CHARSET=utf8mb4 COLLATE=utf8mb4_general_ci;

--
-- Dumping data for table `quang_cao`
--

INSERT INTO `quang_cao` (`ID_QC`, `MA_TH`, `LINK_ANH`, `ANH_QC`, `LUACHON`, `QUYEN_SD`, `THOI_HAN`) VALUES
(26, 55, 'ko c', 'images/1700738837.png', 0, NULL, '2024-03-19 00:00:00'),
(27, 55, 'ko c', 'images/1700738961.png', 0, NULL, '2024-02-23 00:00:00'),
(28, 55, 'ko c', 'images/1700739302.jpg', 1, NULL, '2023-12-09 00:00:00'),
(29, 55, 's', 'images/1700739335.png', 1, NULL, '2023-12-09 00:00:00'),
(30, 65, 'ko c', 'images/1701573422.jpg', 0, NULL, '2024-12-20 00:00:00'),
(31, 57, 'ko c', 'images/1701575260.png', 0, NULL, '2024-02-05 00:00:00');

-- --------------------------------------------------------

--
-- Table structure for table `san_pham`
--

CREATE TABLE `san_pham` (
  `MA_SP` int(11) NOT NULL,
  `MA_NH` int(11) NOT NULL,
  `NH_CON` int(11) NOT NULL,
  `MA_TH` int(11) NOT NULL,
  `MA_NV` int(11) NOT NULL,
  `TEN_SP` varchar(500) DEFAULT NULL,
  `GIA_SP` float(10,2) DEFAULT NULL,
  `SL_SP` int(11) DEFAULT NULL,
  `MOTA_SP` text DEFAULT NULL,
  `AVATA_SP` varchar(500) DEFAULT NULL,
  `DVT` varchar(100) DEFAULT NULL,
  `created_at` timestamp NULL DEFAULT NULL,
  `NGUOI_DANG` varchar(200) DEFAULT NULL,
  `updated_at` timestamp NULL DEFAULT NULL,
  `NGUOI_CAPNHAT` varchar(200) DEFAULT NULL,
  `THE_LOAI` int(11) DEFAULT NULL
) ENGINE=InnoDB DEFAULT CHARSET=utf8mb4 COLLATE=utf8mb4_general_ci;

--
-- Dumping data for table `san_pham`
--

INSERT INTO `san_pham` (`MA_SP`, `MA_NH`, `NH_CON`, `MA_TH`, `MA_NV`, `TEN_SP`, `GIA_SP`, `SL_SP`, `MOTA_SP`, `AVATA_SP`, `DVT`, `created_at`, `NGUOI_DANG`, `updated_at`, `NGUOI_CAPNHAT`, `THE_LOAI`) VALUES
(133, 92, 100, 57, 24, 'bp ci trng', 7000.00, 10, 'Bp ci trng l nguyn liu v cng quen thuc c trong thc n hng ngy ca mi gia nh, cc bn c th ch bin thnh cc mn khc nhau nh: Bp ci cun tht st c chua, Nm g bp ci, Canh bp ci cun tht, Bp ci xo kiu Thi, Canh bp ci nu vi tht b, Bp ci cun tht rn, Da bp ci chua chua, Bp ci xo tm, Bp ci xo u ph v nm, Tht ln xo bp ci v tng t', 'images/1701269900.jpg', 'tn', '2023-11-29 07:58:20', NULL, '2023-11-29 07:58:20', NULL, 1),
(135, 92, 98, 57, 24, 'da leo', 8000.00, 6, 'cccccccccccccccccccccccccc Bp ci trng l nguyn liu v cng quen thuc c trong thc n hng ngy ca mi gia nh, cc bn c th ch bin thnh cc mn khc nhau nh: Bp ci cun tht st c chua, Nm g bp ci, Canh bp ci cun tht, Bp ci xo kiu Thi, Canh bp ci nu vi tht b, Bp ci cun tht rn, Da bp ci chua chua, Bp ci xo tm, Bp ci xo u ph v nm, Tht ln xo bp ci v tng t', 'images/1701270025.jpg', 'tn', '2023-11-29 08:00:25', NULL, '2023-11-29 08:00:25', NULL, 1),
(136, 92, 98, 62, 24, 'cam snh', 15000.00, 15, ' Bp ci trng l nguyn liu v cng quen thuc c trong thc n hng ngy ca mi gia nh, cc bn c th ch bin thnh cc mn khc nhau nh: Bp ci cun tht st c chua, Nm g bp ci, Canh bp ci cun tht, Bp ci xo kiu Thi, Canh bp ci nu vi tht b, Bp ci cun tht rn, Da bp ci chua chua, Bp ci xo tm, Bp ci xo u ph v nm, Tht ln xo bp ci v tng t', 'images/1701270091.jpg', 'tn', '2023-11-29 08:01:31', NULL, '2023-11-29 08:01:31', NULL, 1),
(138, 92, 98, 57, 24, 'b ', 15000.00, 20, ' Bp ci trng l nguyn liu v cng quen thuc c trong thc n hng ngy ca mi gia nh, cc bn c th ch bin thnh cc mn khc nhau nh: Bp ci cun tht st c chua, Nm g bp ci, Canh bp ci cun tht, Bp ci xo kiu Thi, Canh bp ci nu vi tht b, Bp ci cun tht rn, Da bp ci chua chua, Bp ci xo tm, Bp ci xo u ph v nm, Tht ln xo bp ci v tng t', 'images/1701270180.jpg', 'tn', '2023-11-29 08:03:00', NULL, '2023-11-29 08:03:00', NULL, 1),
(140, 92, 100, 57, 24, 'rau mung', 10000.00, 22, ' Bp ci trng l nguyn liu v cng quen thuc c trong thc n hng ngy ca mi gia nh, cc bn c th ch bin thnh cc mn khc nhau nh: Bp ci cun tht st c chua, Nm g bp ci, Canh bp ci cun tht, Bp ci xo kiu Thi, Canh bp ci nu vi tht b, Bp ci cun tht rn, Da bp ci chua chua, Bp ci xo tm, Bp ci xo u ph v nm, Tht ln xo bp ci v tng t', 'images/1701270246.jpg', 'tn', '2023-11-29 08:04:06', NULL, '2023-11-29 08:04:06', NULL, 1),
(141, 92, 98, 57, 24, 'c chua', 16000.00, 15, ' Bp ci trng l nguyn liu v cng quen thuc c trong thc n hng ngy ca mi gia nh, cc bn c th ch bin thnh cc mn khc nhau nh: Bp ci cun tht st c chua, Nm g bp ci, Canh bp ci cun tht, Bp ci xo kiu Thi, Canh bp ci nu vi tht b, Bp ci cun tht rn, Da bp ci chua chua, Bp ci xo tm, Bp ci xo u ph v nm, Tht ln xo bp ci v tng t', 'images/1701270295.jpg', 'tn', '2023-11-29 08:04:55', NULL, '2023-11-29 08:04:55', NULL, 1),
(142, 95, 103, 61, 24, 'gim go', 11000.00, 10, 'asssssssssssssssssssssssssssssssssssssssssssss', 'images/1701569356.jpg', 'tn', '2023-12-02 19:09:17', NULL, '2023-12-02 19:09:17', NULL, 0),
(143, 92, 100, 57, 24, 'rau mung', 6000.00, 10, 'dfffffffffff', 'images/1701572117.jpg', 'tn', '2023-12-02 19:55:17', NULL, '2023-12-02 19:55:17', NULL, 1),
(144, 92, 97, 55, 24, 'c ci trng', 10000.00, 20, 'Nm Mi en ti  nh gi 250g c th lm c rt nhiu mn n ngon m khng h km cnh Nm Mi trng nh: Nm nng giy bc, Bnh xo, M xo nm, Cho nm, Cho tht (g, vt) hoc cho hnh, kt hp cho nm xo vo  dy mi cc ngon v ngt, ngi bnh dng cho hnh vi nm s rt khe, Lu nm, Nm kho thng hoc kho vi nc ct da, Nm xo ti/gia v.', 'images/1701572262.jpg', 'tn', '2023-12-02 19:57:42', NULL, '2023-12-02 19:57:42', NULL, 0),
(149, 93, 103, 61, 24, 'ci s ip', 15000.00, 10, 'Mt s mn n ch bin t ci s ip nh: Ci s ip xo b; Cm chin ci s ip; Ci s ip nng m hnh; Ci s ip st b ti; Ci s ip xo nm; Ci s ip xo mng ty; Salad s ip; H co s ip; Ci s ip xo bng ci; S ip chin gin; Canh bo ng s ip; S ip st Worcestershire; S ip hp min; Cho ci s ip; S ip trng ct; Cm chin s ip; S ip nng ph mai; Sp s ip; S ip nng sa t; M  s ip; S ip st chanh dy; Ci s ip xo hoa thin l', 'images/1701575121.jpg', 'tn', '2023-12-02 20:45:21', NULL, '2023-12-02 20:45:21', NULL, 0);

-- --------------------------------------------------------

--
-- Table structure for table `thong_tin_chi_tiet`
--

CREATE TABLE `thong_tin_chi_tiet` (
  `MA_TTCT` int(11) NOT NULL,
  `MA_NH` int(11) NOT NULL,
  `MA_TH` int(11) NOT NULL,
  `TEN_TTCT` varchar(500) DEFAULT NULL,
  `NOIDUNG_OPTION` varchar(200) DEFAULT NULL
) ENGINE=InnoDB DEFAULT CHARSET=utf8mb4 COLLATE=utf8mb4_general_ci;

-- --------------------------------------------------------

--
-- Table structure for table `thuong_hieu`
--

CREATE TABLE `thuong_hieu` (
  `MA_TH` int(11) NOT NULL,
  `TEN_TH` varchar(300) DEFAULT NULL,
  `ANH_TH` varchar(255) DEFAULT NULL
) ENGINE=InnoDB DEFAULT CHARSET=utf8mb4 COLLATE=utf8mb4_general_ci;

--
-- Dumping data for table `thuong_hieu`
--

INSERT INTO `thuong_hieu` (`MA_TH`, `TEN_TH`, `ANH_TH`) VALUES
(55, 'rau sach', NULL),
(56, 'bnh nh', NULL),
(57, 'rau sch bnh nh', NULL),
(58, 'rau sch bnh nh', NULL),
(59, 'wfwf', NULL),
(60, 'rau sch bnh nh', NULL),
(61, 'thc phm ch bin  nng', NULL),
(62, 'thc phm qn', NULL),
(63, 'gia v bp n', NULL),
(64, 'go, bp', NULL),
(65, 'c sn bnh nh', NULL),
(66, 'c sn bnh nh', NULL),
(67, 'c sn bnh nh', NULL),
(68, 'c sn bnh nh', NULL),
(69, 'c sn bnh nh', NULL);

-- --------------------------------------------------------

--
-- Table structure for table `user_kh`
--

CREATE TABLE `user_kh` (
  `id` int(11) NOT NULL,
  `MA_KH` int(11) NOT NULL,
  `username` varchar(50) DEFAULT NULL,
  `password` varchar(60) DEFAULT NULL,
  `remember_token` varchar(255) DEFAULT NULL
) ENGINE=InnoDB DEFAULT CHARSET=utf8mb4 COLLATE=utf8mb4_general_ci;

--
-- Dumping data for table `user_kh`
--

INSERT INTO `user_kh` (`id`, `MA_KH`, `username`, `password`, `remember_token`) VALUES
(7, 40, 'duc1234', '$2y$10$326e4bTXyL0w6A7hmdgoeOa2vg3auJL56LIbjNUNyHXk.mOqmRnPW', NULL),
(8, 42, 'duc', '$2y$10$shWwPqOLHlYy6IgUSKRCiuB5XhR.A3ZqGO57x.YWZ1oRZIlu1jNgG', NULL),
(9, 43, 'duc321', '$2y$10$pI5iMQpuhOPz0/.pp10TKeqzrEuQLC5pCu2n/fqzNOi65.LwZewg6', NULL),
(10, 46, 'ducvn', '$2y$10$SsuSPJ6cDkXiYaMzx.M96eoPc.qaFpn.AiK5SClz5bycCJV8Seo.C', NULL),
(11, 50, 'ducvn321', '$2y$10$3hTCDxSjbkq0OG2nkpzHneU2g2WiddEz6K99jjc7kIEF9mr8WZzw2', NULL),
(12, 52, 'duc123s', '$2y$10$r6gr06m4.2moKyu3S/zZ5ePpzcVjeqR5eB9bYLtWC34.J.3wUkg5W', NULL),
(13, 54, 'duc258', '$2y$10$kzBhV6Yjj/1fv8RymFnei.f/.f0UxsAcscSsgyNTeLXvmbpzmjWKK', NULL),
(14, 56, 'duc3255', '$2y$10$eL2/T78XmanChkpJWmsFDefVp1fDTeygwndXHFChTAOfWdvYuKD.S', NULL),
(15, 58, 'duc325', '$2y$10$/CpIyM8v.1F51wS1g89Vt.12tV/ZdDgd10AGRqx.YbW.98NTqXSI2', NULL),
(16, 60, 'duc3254', '$2y$10$nMAWFLm/RDtpud7tUmaQD./765jTC6kFLfc1Zw9wz8owx88zhiQYi', NULL),
(17, 63, 'duc3254', '$2y$10$rLPkzHwPCBV/9BixLYD/.uAm2fCtmdtTNoykSebgAoiJZRleDB81S', NULL);

-- --------------------------------------------------------

--
-- Table structure for table `user_nv`
--

CREATE TABLE `user_nv` (
  `id` int(11) NOT NULL,
  `MA_NV` int(11) NOT NULL,
  `username` varchar(50) DEFAULT NULL,
  `password` varchar(60) DEFAULT NULL,
  `QUYEN` int(11) DEFAULT NULL,
  `remember_token` varchar(255) DEFAULT NULL
) ENGINE=InnoDB DEFAULT CHARSET=utf8mb4 COLLATE=utf8mb4_general_ci;

--
-- Dumping data for table `user_nv`
--

INSERT INTO `user_nv` (`id`, `MA_NV`, `username`, `password`, `QUYEN`, `remember_token`) VALUES
(20, 24, 'ducct1', '$2y$10$3Ego7OQDIzXnTRkuBc6DhOSlW5/QY9hj40IcoMT1rTj0EsNoX37iq', 1, NULL),
(21, 25, 'duc113', '$2y$10$G5D8PWPhKX/c6S.AoPnPD.aZT.w/yDP5mgXzAf98qozE/odHzTQR2', 0, NULL),
(23, 27, 'duc1235', '$2y$10$zirZdpYqE85aICgz9mKFKefkPsk4xU1OYO1TMtWetARx5fxy3A/BC', 0, NULL);

--
-- Indexes for dumped tables
--

--
-- Indexes for table `anh_sp`
--
ALTER TABLE `anh_sp`
  ADD PRIMARY KEY (`ID_ANHSP`),
  ADD KEY `FK_RELATIONSHIP_26` (`MA_SP`);

--
-- Indexes for table `gio_hang`
--
ALTER TABLE `gio_hang`
  ADD PRIMARY KEY (`ID_GH`),
  ADD KEY `FK_RELATIONSHIP_54` (`MA_KH`);

--
-- Indexes for table `khach_hang`
--
ALTER TABLE `khach_hang`
  ADD PRIMARY KEY (`MA_KH`);

--
-- Indexes for table `nganh_hang`
--
ALTER TABLE `nganh_hang`
  ADD PRIMARY KEY (`MA_NH`),
  ADD KEY `FK_RELATIONSHIP_56` (`NH_CON`);

--
-- Indexes for table `nhan_vien`
--
ALTER TABLE `nhan_vien`
  ADD PRIMARY KEY (`MA_NV`);

--
-- Indexes for table `quang_cao`
--
ALTER TABLE `quang_cao`
  ADD PRIMARY KEY (`ID_QC`),
  ADD KEY `FK_RELATIONSHIP_38` (`MA_TH`);

--
-- Indexes for table `san_pham`
--
ALTER TABLE `san_pham`
  ADD PRIMARY KEY (`MA_SP`),
  ADD KEY `FK_RELATIONSHIP_32` (`MA_NV`),
  ADD KEY `FK_RELATIONSHIP_45` (`MA_NH`),
  ADD KEY `FK_RELATIONSHIP_46` (`MA_TH`);

--
-- Indexes for table `thong_tin_chi_tiet`
--
ALTER TABLE `thong_tin_chi_tiet`
  ADD PRIMARY KEY (`MA_TTCT`),
  ADD KEY `FK_RELATIONSHIP_57` (`MA_NH`),
  ADD KEY `FK_RELATIONSHIP_58` (`MA_TH`);

--
-- Indexes for table `thuong_hieu`
--
ALTER TABLE `thuong_hieu`
  ADD PRIMARY KEY (`MA_TH`);

--
-- Indexes for table `user_kh`
--
ALTER TABLE `user_kh`
  ADD PRIMARY KEY (`id`),
  ADD KEY `FK_RELATIONSHIP_51` (`MA_KH`);

--
-- Indexes for table `user_nv`
--
ALTER TABLE `user_nv`
  ADD PRIMARY KEY (`id`),
  ADD KEY `FK_RELATIONSHIP_52` (`MA_NV`);

--
-- AUTO_INCREMENT for dumped tables
--

--
-- AUTO_INCREMENT for table `anh_sp`
--
ALTER TABLE `anh_sp`
  MODIFY `ID_ANHSP` int(11) NOT NULL AUTO_INCREMENT, AUTO_INCREMENT=373;

--
-- AUTO_INCREMENT for table `gio_hang`
--
ALTER TABLE `gio_hang`
  MODIFY `ID_GH` int(11) NOT NULL AUTO_INCREMENT, AUTO_INCREMENT=68;

--
-- AUTO_INCREMENT for table `khach_hang`
--
ALTER TABLE `khach_hang`
  MODIFY `MA_KH` int(11) NOT NULL AUTO_INCREMENT, AUTO_INCREMENT=64;

--
-- AUTO_INCREMENT for table `nganh_hang`
--
ALTER TABLE `nganh_hang`
  MODIFY `MA_NH` int(11) NOT NULL AUTO_INCREMENT, AUTO_INCREMENT=123;

--
-- AUTO_INCREMENT for table `nhan_vien`
--
ALTER TABLE `nhan_vien`
  MODIFY `MA_NV` int(11) NOT NULL AUTO_INCREMENT, AUTO_INCREMENT=28;

--
-- AUTO_INCREMENT for table `quang_cao`
--
ALTER TABLE `quang_cao`
  MODIFY `ID_QC` int(11) NOT NULL AUTO_INCREMENT, AUTO_INCREMENT=32;

--
-- AUTO_INCREMENT for table `san_pham`
--
ALTER TABLE `san_pham`
  MODIFY `MA_SP` int(11) NOT NULL AUTO_INCREMENT, AUTO_INCREMENT=150;

--
-- AUTO_INCREMENT for table `thong_tin_chi_tiet`
--
ALTER TABLE `thong_tin_chi_tiet`
  MODIFY `MA_TTCT` int(11) NOT NULL AUTO_INCREMENT, AUTO_INCREMENT=49;

--
-- AUTO_INCREMENT for table `thuong_hieu`
--
ALTER TABLE `thuong_hieu`
  MODIFY `MA_TH` int(11) NOT NULL AUTO_INCREMENT, AUTO_INCREMENT=70;

--
-- AUTO_INCREMENT for table `user_kh`
--
ALTER TABLE `user_kh`
  MODIFY `id` int(11) NOT NULL AUTO_INCREMENT, AUTO_INCREMENT=18;

--
-- AUTO_INCREMENT for table `user_nv`
--
ALTER TABLE `user_nv`
  MODIFY `id` int(11) NOT NULL AUTO_INCREMENT, AUTO_INCREMENT=24;

--
-- Constraints for dumped tables
--

--
-- Constraints for table `anh_sp`
--
ALTER TABLE `anh_sp`
  ADD CONSTRAINT `FK_RELATIONSHIP_26` FOREIGN KEY (`MA_SP`) REFERENCES `san_pham` (`MA_SP`);

--
-- Constraints for table `gio_hang`
--
ALTER TABLE `gio_hang`
  ADD CONSTRAINT `FK_RELATIONSHIP_54` FOREIGN KEY (`MA_KH`) REFERENCES `khach_hang` (`MA_KH`);

--
-- Constraints for table `nganh_hang`
--
ALTER TABLE `nganh_hang`
  ADD CONSTRAINT `FK_RELATIONSHIP_56` FOREIGN KEY (`NH_CON`) REFERENCES `nganh_hang` (`MA_NH`);

--
-- Constraints for table `quang_cao`
--
ALTER TABLE `quang_cao`
  ADD CONSTRAINT `FK_RELATIONSHIP_38` FOREIGN KEY (`MA_TH`) REFERENCES `thuong_hieu` (`MA_TH`);

--
-- Constraints for table `san_pham`
--
ALTER TABLE `san_pham`
  ADD CONSTRAINT `FK_RELATIONSHIP_32` FOREIGN KEY (`MA_NV`) REFERENCES `nhan_vien` (`MA_NV`),
  ADD CONSTRAINT `FK_RELATIONSHIP_45` FOREIGN KEY (`MA_NH`) REFERENCES `nganh_hang` (`MA_NH`),
  ADD CONSTRAINT `FK_RELATIONSHIP_46` FOREIGN KEY (`MA_TH`) REFERENCES `thuong_hieu` (`MA_TH`);

--
-- Constraints for table `thong_tin_chi_tiet`
--
ALTER TABLE `thong_tin_chi_tiet`
  ADD CONSTRAINT `FK_RELATIONSHIP_58` FOREIGN KEY (`MA_TH`) REFERENCES `thuong_hieu` (`MA_TH`);

--
-- Constraints for table `user_kh`
--
ALTER TABLE `user_kh`
  ADD CONSTRAINT `FK_RELATIONSHIP_51` FOREIGN KEY (`MA_KH`) REFERENCES `khach_hang` (`MA_KH`);

--
-- Constraints for table `user_nv`
--
ALTER TABLE `user_nv`
  ADD CONSTRAINT `FK_RELATIONSHIP_52` FOREIGN KEY (`MA_NV`) REFERENCES `nhan_vien` (`MA_NV`);
COMMIT;

/*!40101 SET CHARACTER_SET_CLIENT=@OLD_CHARACTER_SET_CLIENT */;
/*!40101 SET CHARACTER_SET_RESULTS=@OLD_CHARACTER_SET_RESULTS */;
/*!40101 SET COLLATION_CONNECTION=@OLD_COLLATION_CONNECTION */;
